{
    "groupInfos": [
        {
            "groupGuid": "00812b8c-301a-45e4-87c7-e29e3e3c9d9d",
            "nameMMHash": 2878922317,
            "unknCount": 0,
            "layerIndex": 0,
            "maskBits": 0,
            "layerGuid": "f26ddf73-ea95-4cc4-9f5e-d297b199ed89",
            "groupShapes": [
                {
                    "shapeGuid": "92954f0b-a241-4698-ac4e-c2df22e483c8",
                    "shapeNameMMHash": 2180083513,
                    "unknIndex": 0,
                    "layerIndex": 0,
                    "atteribute": -1,
                    "skipIdBits": 0,
                    "shapeType": "Capsule",
                    "shapeParam": {
                        "start": {
                            "x": 30.0,
                            "y": 13.600000381469727,
                            "z": -1.2000000476837158
                        },
                        "end": {
                            "x": 10.0,
                            "y": 13.399999618530273,
                            "z": 0.0
                        },
                        "radius": 2.0
                    },
                    "ignoreTagBits": 0,
                    "unkn": 0,
                    "primaryJointNameMMHash": 2180083513,
                    "secondaryJointNameMMHash": 2180083513,
                    "shapeName": "",
                    "primaryJointName": "",
                    "secondaryJointName": ""
                },
                {
                    "shapeGuid": "d27fd386-0349-4125-9293-d0639e4a833c",
                    "shapeNameMMHash": 2180083513,
                    "unknIndex": 0,
                    "layerIndex": 0,
                    "atteribute": -1,
                    "skipIdBits": 0,
                    "shapeType": "Capsule",
                    "shapeParam": {
                        "start": {
                            "x": 11.800009727478027,
                            "y": 13.399999618530273,
                            "z": 0.0
                        },
                        "end": {
                            "x": 6.099997043609619,
                            "y": 8.099994659423828,
                            "z": -0.4000000059604645
                        },
                        "radius": 3.0
                    },
                    "ignoreTagBits": 0,
                    "unkn": 0,
                    "primaryJointNameMMHash": 2180083513,
                    "secondaryJointNameMMHash": 2180083513,
                    "shapeName": "",
                    "primaryJointName": "",
                    "secondaryJointName": ""
                },
                {
                    "shapeGuid": "9eb09b5f-9694-4a53-9201-332700a3c23c",
                    "shapeNameMMHash": 2180083513,
                    "unknIndex": 0,
                    "layerIndex": 0,
                    "atteribute": -1,
                    "skipIdBits": 0,
                    "shapeType": "Capsule",
                    "shapeParam": {
                        "start": {
                            "x": 4.700000762939453,
                            "y": 5.5,
                            "z": -0.4000000059604645
                        },
                        "end": {
                            "x": 1.0,
                            "y": 0.0,
                            "z": -0.4000000059604645
                        },
                        "radius": 3.7999989986419678
                    },
                    "ignoreTagBits": 0,
                    "unkn": 0,
                    "primaryJointNameMMHash": 2180083513,
                    "secondaryJointNameMMHash": 2180083513,
                    "shapeName": "",
                    "primaryJointName": "",
                    "secondaryJointName": ""
                }
            ],
            "maskGuids": [
                "2c7c3a09-6534-4d7b-b527-acd7f92ee08b"
            ],
            "groupName": "Damage"
        },
        {
            "groupGuid": "d19f0efd-53f4-4c25-8e1a-b925b0378227",
            "nameMMHash": 3016357314,
            "unknCount": 0,
            "layerIndex": 0,
            "maskBits": 0,
            "layerGuid": "ec51fb76-dfb7-4421-9eee-7ba064127cb2",
            "groupShapes": [],
            "maskGuids": [],
            "groupName": "Press"
        }
    ],
    "requestSets": [
        {
            "requestSetID": 0,
            "groupIndex": 0,
            "status": 1,
            "requestSetIndex": 0,
            "keyHash": 3049698517,
            "KeyNameMMHash": 2878922317,
            "name": "ダメージアタリ",
            "keyName": "Damage",
            "nativeShapeColliders": [
                {
                    "via.physics.RequestSetColliderUserData": {
                        "v0_Name": "",
                        "v1_ParentUserData": {
                            "": {}
                        }
                    }
                },
                {
                    "via.physics.RequestSetColliderUserData": {
                        "v0_Name": "",
                        "v1_ParentUserData": {
                            "": {}
                        }
                    }
                },
                {
                    "via.physics.RequestSetColliderUserData": {
                        "v0_Name": "",
                        "v1_ParentUserData": {
                            "": {}
                        }
                    }
                }
            ],
            "userData": {
                "via.physics.RequestSetColliderUserData": {
                    "v0_Name": "",
                    "v1_ParentUserData": {
                        "": {}
                    }
                }
            }
        },
        {
            "requestSetID": 1,
            "groupIndex": 1,
            "status": 1,
            "requestSetIndex": 1,
            "keyHash": 2053796569,
            "KeyNameMMHash": 3016357314,
            "name": "押しアタリ",
            "keyName": "Press",
            "nativeShapeColliders": [],
            "userData": {
                "via.physics.RequestSetColliderUserData": {
                    "v0_Name": "",
                    "v1_ParentUserData": {
                        "": {}
                    }
                }
            }
        }
    ],
    "ignoreTags": []
}