{
    "groupInfos": [
        {
            "groupGuid": "73873af0-5556-483b-86df-4eab2cfad063",
            "nameMMHash": 3375794498,
            "unknCount": 0,
            "layerIndex": 0,
            "maskBits": 0,
            "layerGuid": "8b712289-e894-4218-819b-180c19900de2",
            "groupShapes": [
                {
                    "shapeGuid": "d3ad244c-c4f4-454f-a910-957e8bee26f1",
                    "shapeNameMMHash": 2180083513,
                    "unknIndex": 0,
                    "layerIndex": 0,
                    "atteribute": -1,
                    "skipIdBits": 0,
                    "shapeType": "ContinuousCapsule",
                    "shapeParam": {
                        "start": {
                            "x": 1.0537947900957079e-06,
                            "y": 5.0,
                            "z": 10.0
                        },
                        "end": {
                            "x": 1.2798645911971107e-06,
                            "y": 5.0,
                            "z": -7.5
                        },
                        "radius": 7.199999809265137
                    },
                    "ignoreTagBits": 0,
                    "unkn": 0,
                    "primaryJointNameMMHash": 2180083513,
                    "secondaryJointNameMMHash": 2180083513,
                    "shapeName": "",
                    "primaryJointName": "",
                    "secondaryJointName": ""
                },
                {
                    "shapeGuid": "2088b574-15fb-47d2-94a9-f3feaa9e2a68",
                    "shapeNameMMHash": 2180083513,
                    "unknIndex": 0,
                    "layerIndex": 0,
                    "atteribute": -1,
                    "skipIdBits": 0,
                    "shapeType": "ContinuousCapsule",
                    "shapeParam": {
                        "start": {
                            "x": 1.0537947900957079e-06,
                            "y": 15.0,
                            "z": 10.0
                        },
                        "end": {
                            "x": 1.2798645911971107e-06,
                            "y": 15.0,
                            "z": -7.5
                        },
                        "radius": 7.199999809265137
                    },
                    "ignoreTagBits": 0,
                    "unkn": 0,
                    "primaryJointNameMMHash": 2180083513,
                    "secondaryJointNameMMHash": 2180083513,
                    "shapeName": "",
                    "primaryJointName": "",
                    "secondaryJointName": ""
                },
                {
                    "shapeGuid": "22ba050e-61c1-40b9-a68e-ab718ba9d1d8",
                    "shapeNameMMHash": 2180083513,
                    "unknIndex": 0,
                    "layerIndex": 0,
                    "atteribute": -1,
                    "skipIdBits": 0,
                    "shapeType": "ContinuousSphere",
                    "shapeParam": {
                        "x": 0.0,
                        "y": -0.8705000281333923,
                        "z": -8.67995834350586,
                        "radius": 6.0
                    },
                    "ignoreTagBits": 0,
                    "unkn": 0,
                    "primaryJointNameMMHash": 2180083513,
                    "secondaryJointNameMMHash": 2180083513,
                    "shapeName": "",
                    "primaryJointName": "",
                    "secondaryJointName": ""
                }
            ],
            "maskGuids": [
                "21964e78-82d8-4b3a-b8bb-e20f1ffe1e40",
                "03a14610-d9db-4dd2-b2d7-f8a51a4d2f3d"
            ],
            "groupName": ""
        },
        {
            "groupGuid": "19eaeab9-a531-4d9b-ab64-847d7f8d5912",
            "nameMMHash": 98161975,
            "unknCount": 0,
            "layerIndex": 0,
            "maskBits": 0,
            "layerGuid": "8b712289-e894-4218-819b-180c19900de2",
            "groupShapes": [
                {
                    "shapeGuid": "893a783e-d259-4347-bcf3-6253b79231e1",
                    "shapeNameMMHash": 2180083513,
                    "unknIndex": 0,
                    "layerIndex": 0,
                    "atteribute": -1,
                    "skipIdBits": 0,
                    "shapeType": "ContinuousCapsule",
                    "shapeParam": {
                        "start": {
                            "x": 1.0209884067080566e-06,
                            "y": 5.0,
                            "z": 10.0
                        },
                        "end": {
                            "x": 1.2798645911971107e-06,
                            "y": 5.0,
                            "z": -7.5
                        },
                        "radius": 7.199999809265137
                    },
                    "ignoreTagBits": 0,
                    "unkn": 0,
                    "primaryJointNameMMHash": 2180083513,
                    "secondaryJointNameMMHash": 2180083513,
                    "shapeName": "",
                    "primaryJointName": "",
                    "secondaryJointName": ""
                },
                {
                    "shapeGuid": "90d3c7ec-858f-45f1-abf2-01175ef35d3e",
                    "shapeNameMMHash": 2180083513,
                    "unknIndex": 0,
                    "layerIndex": 0,
                    "atteribute": -1,
                    "skipIdBits": 0,
                    "shapeType": "ContinuousCapsule",
                    "shapeParam": {
                        "start": {
                            "x": 1.0209884067080566e-06,
                            "y": 15.0,
                            "z": 10.0
                        },
                        "end": {
                            "x": 1.2798645911971107e-06,
                            "y": 15.0,
                            "z": -7.5
                        },
                        "radius": 7.199999809265137
                    },
                    "ignoreTagBits": 0,
                    "unkn": 0,
                    "primaryJointNameMMHash": 2180083513,
                    "secondaryJointNameMMHash": 2180083513,
                    "shapeName": "",
                    "primaryJointName": "",
                    "secondaryJointName": ""
                }
            ],
            "maskGuids": [
                "2c7c3a09-6534-4d7b-b527-acd7f92ee08b"
            ],
            "groupName": ""
        }
    ],
    "requestSets": [
        {
            "requestSetID": 0,
            "groupIndex": 0,
            "status": 0,
            "requestSetIndex": 0,
            "keyHash": 3462918644,
            "KeyNameMMHash": 3375794498,
            "name": "",
            "keyName": "",
            "nativeShapeColliders": [
                {
                    "via.physics.RequestSetColliderUserData": {
                        "v0_Name": "",
                        "v1_ParentUserData": {
                            "": {}
                        }
                    }
                },
                {
                    "via.physics.RequestSetColliderUserData": {
                        "v0_Name": "",
                        "v1_ParentUserData": {
                            "": {}
                        }
                    }
                },
                {
                    "via.physics.RequestSetColliderUserData": {
                        "v0_Name": "",
                        "v1_ParentUserData": {
                            "": {}
                        }
                    }
                }
            ],
            "userData": {
                "app.col_user_data.AttackParamGimmick": {
                    "v0_Name": "",
                    "v1_ParentUserData": {
                        "": {}
                    },