{
    "groupInfos": [
        {
            "groupGuid": "d7338561-fd09-49d4-a0d6-5a29d3b6a3c7",
            "nameMMHash": 2193046701,
            "unknCount": 0,
            "layerIndex": 0,
            "maskBits": 0,
            "layerGuid": "f26ddf73-ea95-4cc4-9f5e-d297b199ed89",
            "groupShapes": [
                {
                    "shapeGuid": "ed66c1de-706c-4931-ad49-09305ac57d1b",
                    "shapeNameMMHash": 2180083513,
                    "unknIndex": 0,
                    "layerIndex": 0,
                    "atteribute": -1,
                    "skipIdBits": 0,
                    "shapeType": "Capsule",
                    "shapeParam": {
                        "start": {
                            "x": 0.02516341209411621,
                            "y": -0.2232256829738617,
                            "z": -0.4231266379356384
                        },
                        "end": {
                            "x": 2.0149120700807543e-06,
                            "y": 0.8588737845420837,
                            "z": -0.43311452865600586
                        },
                        "radius": 0.5
                    },
                    "ignoreTagBits": 0,
                    "unkn": 0,
                    "primaryJointNameMMHash": 2180083513,
                    "secondaryJointNameMMHash": 2180083513,
                    "shapeName": "",
                    "primaryJointName": "",
                    "secondaryJointName": ""
                },
                {
                    "shapeGuid": "8e578471-0d89-4399-a819-84a7fce143ab",
                    "shapeNameMMHash": 2180083513,
                    "unknIndex": 0,
                    "layerIndex": 0,
                    "atteribute": -1,
                    "skipIdBits": 0,
                    "shapeType": "Capsule",
                    "shapeParam": {
                        "start": {
                            "x": 0.6016917824745178,
                            "y": 0.8564587235450745,
                            "z": -0.9050724506378174
                        },
                        "end": {
                            "x": 0.9275132417678833,
                            "y": 0.7204399108886719,
                            "z": -1.0804762840270996
                        },
                        "radius": 0.31792840361595154
                    },
                    "ignoreTagBits": 0,
                    "unkn": 0,
                    "primaryJointNameMMHash": 2180083513,
                    "secondaryJointNameMMHash": 2180083513,
                    "shapeName": "",
                    "primaryJointName": "",
                    "secondaryJointName": ""
                },
                {
                    "shapeGuid": "70a5445e-9b7d-4fb9-9e8a-9872a4f2119f",
                    "shapeNameMMHash": 2180083513,
                    "unknIndex": 0,
                    "layerIndex": 0,
                    "atteribute": -1,
                    "skipIdBits": 0,
                    "shapeType": "Capsule",
                    "shapeParam": {
                        "start": {
                            "x": -0.7807672023773193,
                            "y": 0.9470873475074768,
                            "z": -0.7344682812690735
                        },
                        "end": {
                            "x": -0.5831308364868164,
                            "y": 0.9461560845375061,
                            "z": -0.6555717587471008
                        },
                        "radius": 0.21698379516601562
                    },
                    "ignoreTagBits": 0,
                    "unkn": 0,
                    "primaryJointNameMMHash": 2180083513,
                    "secondaryJointNameMMHash": 2180083513,
                    "shapeName": "",
                    "primaryJointName": "",
                    "secondaryJointName": ""
                },
                {
                    "shapeGuid": "1d308c89-717c-4427-a73b-622e7ba924f7",
                    "shapeNameMMHash": 2180083513,
                    "unknIndex": 0,
                    "layerIndex": 0,
                    "atteribute": -1,
                    "skipIdBits": 0,
                    "shapeType": "Capsule",
                    "shapeParam": {
                        "start": {
                            "x": -0.5997267961502075,
                            "y": 0.41292309761047363,
                            "z": -0.2125532478094101
                        },
                        "end": {
                            "x": -0.8032342791557312,
                            "y": 0.4069644510746002,
                            "z": -0.14055290818214417
                        },
                        "radius": 0.18719850480556488
                    },
                    "ignoreTagBits": 0,
                    "unkn": 0,
                    "primaryJointNameMMHash": 2180083513,
                    "secondaryJointNameMMHash": 2180083513,
                    "shapeName": "",
                    "primaryJointName": "",
                    "secondaryJointName": ""
                }
            ],
            "maskGuids": [
                "2c7c3a09-6534-4d7b-b527-acd7f92ee08b"
            ],
            "groupName": "Group"
        }
    ],
    "requestSets": [
        {
            "requestSetID": 0,
            "groupIndex": 0,
            "status": 1,
            "requestSetIndex": 0,
            "keyHash": 3049698517,
            "KeyNameMMHash": 2878922317,
            "name": "ダメージアタリ",
            "keyName": "Damage",
            "nativeShapeColliders": [
                {
                    "via.physics.RequestSetColliderUserData": {
                        "v0_Name": "",
                        "v1_ParentUserData": {
                            "": {}
                        }
                    }
                },
                {
                    "via.physics.RequestSetColliderUserData": {
                        "v0_Name": "",
                        "v1_ParentUserData": {
                            "": {}
                        }
                    }
                },
                {
                    "via.physics.RequestSetColliderUserData": {
                        "v0_Name": "",
                        "v1_ParentUserData": {
                            "": {}
                        }
                    }
                },
                {
                    "via.physics.RequestSetColliderUserData": {
                        "v0_Name": "",
                        "v1_ParentUserData": {
                            "": {}
                        }
                    }
                }
            ],
            "userData": {
                "via.physics.RequestSetColliderUserData": {
                    "v0_Name": "",
                    "v1_ParentUserData": {
                        "": {}
                    }
                }
            }
        }
    ],
    "ignoreTags": []
}