{
    "groupInfos": [
        {
            "groupGuid": "52f6268d-d35b-4b59-9827-005d02b30b85",
            "nameMMHash": 2878922317,
            "unknCount": 0,
            "layerIndex": 0,
            "maskBits": 0,
            "layerGuid": "f26ddf73-ea95-4cc4-9f5e-d297b199ed89",
            "groupShapes": [
                {
                    "shapeGuid": "3a0d7a43-eeff-490a-921d-d0bef9540722",
                    "shapeNameMMHash": 2180083513,
                    "unknIndex": 0,
                    "layerIndex": 0,
                    "atteribute": -1,
                    "skipIdBits": 0,
                    "shapeType": "Capsule",
                    "shapeParam": {
                        "start": {
                            "x": 0.48681843280792236,
                            "y": 2.3460865020751953,
                            "z": 0.0
                        },
                        "end": {
                            "x": 0.41500595211982727,
                            "y": -2.0,
                            "z": 0.0
                        },
                        "radius": 1.2999999523162842
                    },
                    "ignoreTagBits": 0,
                    "unkn": 0,
                    "primaryJointNameMMHash": 2180083513,
                    "secondaryJointNameMMHash": 2180083513,
                    "shapeName": "",
                    "primaryJointName": "",
                    "secondaryJointName": ""
                },
                {
                    "shapeGuid": "990da944-8ee0-4563-814e-5c6c07a9df4e",
                    "shapeNameMMHash": 2180083513,
                    "unknIndex": 0,
                    "layerIndex": 0,
                    "atteribute": -1,
                    "skipIdBits": 0,
                    "shapeType": "Capsule",
                    "shapeParam": {
                        "start": {
                            "x": -1.2388191223144531,
                            "y": 4.529244899749756,
                            "z": -0.14846549928188324
                        },
                        "end": {
                            "x": 0.6383881568908691,
                            "y": 2.7906875610351562,
                            "z": -0.3267057538032532
                        },
                        "radius": 0.6000000238418579
                    },
                    "ignoreTagBits": 0,
                    "unkn": 0,
                    "primaryJointNameMMHash": 2180083513,
                    "secondaryJointNameMMHash": 2180083513,
                    "shapeName": "",
                    "primaryJointName": "",
                    "secondaryJointName": ""
                },
                {
                    "shapeGuid": "8b3cc3cc-713d-47d4-b461-30b65aade53e",
                    "shapeNameMMHash": 2180083513,
                    "unknIndex": 0,
                    "layerIndex": 0,
                    "atteribute": -1,
                    "skipIdBits": 0,
                    "shapeType": "Capsule",
                    "shapeParam": {
                        "start": {
                            "x": -1.1121814250946045,
                            "y": 5.93295955657959,
                            "z": -0.15959136188030243
                        },
                        "end": {
                            "x": -1.0193250179290771,
                            "y": 4.521891117095947,
                            "z": -0.01408030092716217
                        },
                        "radius": 0.6000000238418579
                    },
                    "ignoreTagBits": 0,
                    "unkn": 0,
                    "primaryJointNameMMHash": 2180083513,
                    "secondaryJointNameMMHash": 2180083513,
                    "shapeName": "",
                    "primaryJointName": "",
                    "secondaryJointName": ""
                }
            ],
            "maskGuids": [
                "2c7c3a09-6534-4d7b-b527-acd7f92ee08b"
            ],
            "groupName": "Damage"
        },
        {
            "groupGuid": "d1d96651-6621-4c55-a9da-3c4168ae9ab8",
            "nameMMHash": 3016357314,
            "unknCount": 0,
            "layerIndex": 0,
            "maskBits": 0,
            "layerGuid": "ec51fb76-dfb7-4421-9eee-7ba064127cb2",
            "groupShapes": [
                {
                    "shapeGuid": "9abf686c-88e5-4fe0-9666-418e4b942db0",
                    "shapeNameMMHash": 2180083513,
                    "unknIndex": 0,
                    "layerIndex": 0,
                    "atteribute": -1,
                    "skipIdBits": 0,
                    "shapeType": "Capsule",
                    "shapeParam": {
                        "start": {
                            "x": 0.48681843280792236,
                            "y": 2.3460865020751953,
                            "z": 0.0
                        },
                        "end": {
                            "x": 0.41500595211982727,
                            "y": -2.0,
                            "z": 0.0
                        },
                        "radius": 1.2999999523162842
                    },
                    "ignoreTagBits": 0,
                    "unkn": 0,
                    "primaryJointNameMMHash": 2180083513,
                    "secondaryJointNameMMHash": 2180083513,
                    "shapeName": "",
                    "primaryJointName": "",
                    "secondaryJointName": ""
                },
                {
                    "shapeGuid": "226d8c42-b6c3-4fb0-9d4b-5836f46fc055",
                    "shapeNameMMHash": 2180083513,
                    "unknIndex": 0,
                    "layerIndex": 0,
                    "atteribute": -1,
                    "skipIdBits": 0,
                    "shapeType": "Capsule",
                    "shapeParam": {
                        "start": {
                            "x": -1.2388191223144531,
                            "y": 4.529244899749756,
                            "z": -0.14846549928188324
                        },
                        "end": {
                            "x": 0.6383881568908691,
                            "y": 2.7906875610351562,
                            "z": -0.3267057538032532
                        },
                        "radius": 0.6000000238418579
                    },
                    "ignoreTagBits": 0,
                    "unkn": 0,
                    "primaryJointNameMMHash": 2180083513,
                    "secondaryJointNameMMHash": 2180083513,
                    "shapeName": "",
                    "primaryJointName": "",
                    "secondaryJointName": ""
                },
                {
                    "shapeGuid": "eae50b0b-1c3e-4682-a64b-a983f2824667",
                    "shapeNameMMHash": 2180083513,
                    "unknIndex": 0,
                    "layerIndex": 0,
                    "atteribute": -1,
                    "skipIdBits": 0,
                    "shapeType": "Capsule",
                    "shapeParam": {
                        "start": {
                            "x": -1.1121814250946045,
                            "y": 5.93295955657959,
                            "z": -0.15959136188030243
                        },
                        "end": {
                            "x": -1.0193250179290771,
                            "y": 4.521891117095947,
                            "z": -0.01408030092716217
                        },
                        "radius": 0.6000000238418579
                    },
                    "ignoreTagBits": 0,
                    "unkn": 0,
                    "primaryJointNameMMHash": 2180083513,
                    "secondaryJointNameMMHash": 2180083513,
                    "shapeName": "",
                    "primaryJointName": "",