{
    "groupInfos": [
        {
            "groupGuid": "f630cedf-3dfe-46fe-9c6d-720e34648645",
            "nameMMHash": 1092595404,
            "unknCount": 0,
            "layerIndex": 0,
            "maskBits": 0,
            "layerGuid": "8b712289-e894-4218-819b-180c19900de2",
            "groupShapes": [
                {
                    "shapeGuid": "2450c8a0-2a1e-4ae5-b8bd-555b10390b34",
                    "shapeNameMMHash": 2180083513,
                    "unknIndex": 0,
                    "layerIndex": 0,
                    "atteribute": -1,
                    "skipIdBits": 0,
                    "shapeType": "Box",
                    "shapeParam": {
                        "Coord": {
                            "m00": 1.0,
                            "m01": 0.0,
                            "m02": 0.0,
                            "m03": 0.0,
                            "m10": 0.0,
                            "m11": 1.0,
                            "m12": 0.0,
                            "m13": 0.0,
                            "m20": 0.0,
                            "m21": 0.0,
                            "m22": 1.0,
                            "m23": 0.0,
                            "m30": -0.0010967249982059002,
                            "m31": 1.4343889951705933,
                            "m32": -0.23190520703792572,
                            "m33": 1.0
                        },
                        "Extent": {
                            "x": 2.189440965652466,
                            "y": 1.8440790176391602,
                            "z": 3.215358018875122
                        }
                    },
                    "ignoreTagBits": 0,
                    "unkn": 0,
                    "primaryJointNameMMHash": 2180083513,
                    "secondaryJointNameMMHash": 2180083513,
                    "shapeName": "",
                    "primaryJointName": "",
                    "secondaryJointName": ""
                }
            ],
            "maskGuids": [
                "de74ded7-3a39-4e95-a725-af017affbd19",
                "58107451-ff67-4a8b-8ddf-aebf4db168b6",
                "3b9ee1bb-4ca8-46ce-8510-98a828f86098"
            ],
            "groupName": ""
        }
    ],
    "requestSets": [
        {
            "requestSetID": 0,
            "groupIndex": 0,
            "userDataIndex": 0,
            "nativeShapeColliderIndex": 1,
            "status": 0,
            "requestSetIndex": 0,
            "keyHash": 2257556298,
            "KeyNameMMHash": 1092595404,
            "name": "",
            "keyName": "",
            "nativeShapeColliders": [
                {
                    "via.physics.RequestSetColliderUserData": {
                        "v0_Name": "",
                        "v1_ParentUserData": {
                            "": {}
                        }
                    }
                }
            ],
            "userData": {
                "app.col_user_data.AttackParamGimmick": {
                    "v0_Name": "",
                    "v1_ParentUserData": {
                        "via.physics.UserData": {}
                    },
                    "_DamageTypeFixed": {
                        "app.HitDef.DAMAGE_TYPE_Serializable": {
                            "_Value": "[55]NONE"
                        }
                    },
                    "_DamageTypeCustom": -956543104,
                    "_DamageAngleFixed": {
                        "app.HitDef.DAMAGE_ANGLE_Serializable": {
                            "_Value": "[0]FRONT"
                        }
                    },
                    "_DamageAngleOffsetDeg": 0.0,
                    "_Attack": 0.0,
                    "_FixAttack": 0.0,
                    "_GuardType": "[0]NORMAL",
                    "_VersusGuardPower": 0.0,
                    "_StageDamageTypeFixed": {
                        "app.HitDef.STAGE_DAMAGE_TYPE_Serializable": {
                            "_Value": "[1444776192]NONE"
                        }
                    },
                    "_StageDamageExIDFixed": {
                        "app.HitDef.STAGE_DAMAGE_EX_ID_Serializable": {
                            "_Value": "[-94023312]NONE"
                        }
                    },
                    "_AttackAttrFixed": {
                        "app.HitDef.ATTR_Serializable": {
                            "_Value": "[0]NONE"
                        }
                    },
                    "_AttrLevel": 0,
                    "_AttrValue": 0.0,
                    "_AttackCond": 1220034176,
                    "_IsForceCond": false,
                    "_CondValue": 0.0,
                    "_IsUseCondDefaultSec": true,
                    "_CondCustomSec": 0.0,
                    "_StunDamage": 0.0,
                    "_FlagBit": "[0]NONE",
                    "_MultiHitTimer": 0.0,
                    "_HealValue": 0.0,
                    "_PriorityFixed": {
                        "app.CollisionDef.PRIORITY_Serializable": {
                            "_Value": "[7]PRIO_8"
                        }
                    },
                    "_PriorityTypeFixed": {
                        "app.CollisionDef.PRIORITY_TYPE_Serializable": {
                            "_Value": "[0]ATTACK_FIRST"
                        }
                    },
                    "_DisableContactPointAdjust": false,
                    "_IsContactPointAdjustIgnoreDamageAngle": false,
                    "_PorterDodgeFixed": {
                        "app.HitDef.PORTER_DODGE_TYPE_Serializable": {
                            "_Value": "[-1072110528]AUTO"
                        }
                    },
                    "_IsEnterCombatMode": false,
                    "STRUCT__EmBlowVec__HasValue": false,
                    "STRUCT__EmBlowVec__Value": {
                        "x": 0.0,
                        "y": 0.0,
                        "z": 0.0,
                        "pad": 0.0
                    },
                    "_EmRateAttack": 0.0,
                    "_EmZakoRateAttack": 0.0,
                    "_EmMinAttack": 0.0,
                    "STRUCT__OtomoFixAttack__HasValue": false,
                    "STRUCT__OtomoFixAttack__Value": 0.0,
                    "_IsKillableEnemy": false,
                    "_IsKillableEnemyZako": true,
                    "_EmAttackAttrFixed": {
                        "app.HitDef.ATTR_Serializable": {
                            "_Value": "[0]NONE"
                        }
                    },
                    "_EmAttackAttrRate": 0.0
                }
            }
        }
    ],
    "ignoreTags": []
}