{
    "groupInfos": [
        {
            "groupGuid": "893c9937-9836-4c74-aacf-039b0bb281cb",
            "nameMMHash": 2878922317,
            "unknCount": 0,
            "layerIndex": 0,
            "maskBits": 0,
            "layerGuid": "f26ddf73-ea95-4cc4-9f5e-d297b199ed89",
            "groupShapes": [
                {
                    "shapeGuid": "a610c456-8dba-4cad-a3f9-fccf1b897c9b",
                    "shapeNameMMHash": 2180083513,
                    "unknIndex": 0,
                    "layerIndex": 0,
                    "atteribute": -1,
                    "skipIdBits": 0,
                    "shapeType": "Box",
                    "shapeParam": {
                        "Coord": {
                            "m00": 0.9991173148155212,
                            "m01": 0.0,
                            "m02": 0.04200879856944084,
                            "m03": 0.0,
                            "m10": 0.0,
                            "m11": 1.0,
                            "m12": 0.0,
                            "m13": 0.0,
                            "m20": -0.04200879856944084,
                            "m21": 0.0,
                            "m22": 0.9991173148155212,
                            "m23": 0.0,
                            "m30": -2.7134480476379395,
                            "m31": 2.121290922164917,
                            "m32": -5.84021520614624,
                            "m33": 1.0
                        },
                        "Extent": {
                            "x": 9.380462646484375,
                            "y": 5.616089820861816,
                            "z": 6.583208084106445
                        }
                    },
                    "ignoreTagBits": 0,
                    "unkn": 0,
                    "primaryJointNameMMHash": 2180083513,
                    "secondaryJointNameMMHash": 2180083513,
                    "shapeName": "",
                    "primaryJointName": "",
                    "secondaryJointName": ""
                }
            ],
            "maskGuids": [
                "2c7c3a09-6534-4d7b-b527-acd7f92ee08b"
            ],
            "groupName": "Damage"
        },
        {
            "groupGuid": "da103405-339e-4aac-b6b9-c1861638eec0",
            "nameMMHash": 2764342899,
            "unknCount": 0,
            "layerIndex": 0,
            "maskBits": 0,
            "layerGuid": "f26ddf73-ea95-4cc4-9f5e-d297b199ed89",
            "groupShapes": [
                {
                    "shapeGuid": "d7ca4fca-8506-4901-977f-e4af2cc04c20",
                    "shapeNameMMHash": 2180083513,
                    "unknIndex": 0,
                    "layerIndex": 0,
                    "atteribute": -1,
                    "skipIdBits": 0,
                    "shapeType": "Sphere",
                    "shapeParam": {
                        "x": 0.0,
                        "y": 1.0,
                        "z": 0.0,
                        "radius": 3.0
                    },
                    "ignoreTagBits": 0,
                    "unkn": 0,
                    "primaryJointNameMMHash": 2180083513,
                    "secondaryJointNameMMHash": 2180083513,
                    "shapeName": "",
                    "primaryJointName": "",
                    "secondaryJointName": ""
                }
            ],
            "maskGuids": [
                "2c7c3a09-6534-4d7b-b527-acd7f92ee08b"
            ],
            "groupName": "DamageSide"
        },
        {
            "groupGuid": "f8cae914-b4a5-47c2-adc5-e443834f4243",
            "nameMMHash": 2455159054,
            "unknCount": 0,
            "layerIndex": 0,
            "maskBits": 0,
            "layerGuid": "f26ddf73-ea95-4cc4-9f5e-d297b199ed89",
            "groupShapes": [
                {
                    "shapeGuid": "e442aafc-6c19-4d52-8d55-50b1c68d89c9",
                    "shapeNameMMHash": 2180083513,
                    "unknIndex": 0,
                    "layerIndex": 0,
                    "atteribute": -1,
                    "skipIdBits": 0,
                    "shapeType": "Sphere",
                    "shapeParam": {
                        "x": 0.0,
                        "y": 5.0,
                        "z": -5.0,
                        "radius": 3.0
                    },
                    "ignoreTagBits": 0,
                    "unkn": 0,
                    "primaryJointNameMMHash": 2180083513,
                    "secondaryJointNameMMHash": 2180083513,
                    "shapeName": "",
                    "primaryJointName": "",
                    "secondaryJointName": ""
                }
            ],
            "maskGuids": [
                "2c7c3a09-6534-4d7b-b527-acd7f92ee08b"
            ],
            "groupName": "DamageUp"
        }
    ],
    "requestSets": [
        {
            "requestSetID": 0,
            "groupIndex": 0,
            "status": 1,
            "requestSetIndex": 0,
            "keyHash": 1705955495,
            "KeyNameMMHash": 2878922317,
            "name": "ダメージアタリ（全体）",
            "keyName": "Damage",
            "nativeShapeColliders": [
                {
                    "via.physics.RequestSetColliderUserData": {
                        "v0_Name": "",
                        "v1_ParentUserData": {
                            "": {}
                        }
                    }
                }
            ],
            "userData": {
                "app.col_user_data.DamageParamGm": {
                    "v0_Name": "DamageParamGm",
                    "v1_ParentUserData": {
                        "": {}
                    },
                    "_PriorityFixed": {
                        "app.CollisionDef.PRIORITY_Serializable": {
                            "_Value": "[7]PRIO_8"
                        }
                    },
                    "_Type": "[0]NONE"
                }
            }
        },
        {
            "requestSetID": 1,
            "groupIndex": 1,
            "status": 1,
            "requestSetIndex": 1,
            "keyHash": 1988915526,
            "KeyNameMMHash": 2764342899,
            "name": "ダメージアタリ（横）",
            "keyName": "DamageSide",
            "nativeShapeColliders": [
                {
                    "via.physics.RequestSetColliderUserData": {
                        "v0_Name": "",
                        "v1_ParentUserData": {
                            "": {}
                        }
                    }
                }
            ],
            "userData": {
                "app.col_user_data.DamageParamGm": {
                    "v0_Name": "DamageParamGmSide",
                    "v1_ParentUserData": {
                        "": {}
                    },
                    "_PriorityFixed": {
                        "app.CollisionDef.PRIORITY_Serializable": {
                            "_Value": "[6]PRIO_9"
                        }
                    },
                    "_Type": "[1]TYPE_01"
                }
            }
        },
        {
            "requestSetID": 2,
            "groupIndex": 2,
            "status": 1,
            "requestSetIndex": 2,
            "keyHash": 1781691859,
            "KeyNameMMHash": 2455159054,
            "name": "ダメージアタリ（上）",
            "keyName": "DamageUp",
            "nativeShapeColliders": [
                {
                    "via.physics.RequestSetColliderUserData": {
                        "v0_Name": "",
                        "v1_ParentUserData": {
                            "": {}
                        }
                    }
                }
            ],
            "userData": {
                "app.col_user_data.DamageParamGm": {
                    "v0_Name": "DamageParamGmUp",
                    "v1_ParentUserData": {
                        "": {}
                    },