{
    "groupInfos": [
        {
            "groupGuid": "6713447e-a090-443e-a2dc-67de94854bbe",
            "nameMMHash": 2084041411,
            "unknCount": 0,
            "layerIndex": 0,
            "maskBits": 0,
            "layerGuid": "123410c1-64cd-43db-8eb2-805eae619318",
            "groupShapes": [
                {
                    "shapeGuid": "1375ffaf-d265-4d5a-97fa-fe47d8370217",
                    "shapeNameMMHash": 2180083513,
                    "unknIndex": 0,
                    "layerIndex": 0,
                    "atteribute": -1,
                    "skipIdBits": 0,
                    "shapeType": "Box",
                    "shapeParam": {
                        "Coord": {
                            "m00": 1.0,
                            "m01": 0.0,
                            "m02": 0.0,
                            "m03": 0.0,
                            "m10": 0.0,
                            "m11": 1.0,
                            "m12": 0.0,
                            "m13": 0.0,
                            "m20": 0.0,
                            "m21": 0.0,
                            "m22": 1.0,
                            "m23": 0.0,
                            "m30": -1.1597864627838135,
                            "m31": 1.5034066438674927,
                            "m32": -0.33932626247406006,
                            "m33": 1.0
                        },
                        "Extent": {
                            "x": 1.8402135372161865,
                            "y": 1.5034066438674927,
                            "z": 2.2564358711242676
                        }
                    },
                    "ignoreTagBits": 0,
                    "unkn": 0,
                    "primaryJointNameMMHash": 2180083513,
                    "secondaryJointNameMMHash": 2180083513,
                    "shapeName": "",
                    "primaryJointName": "",
                    "secondaryJointName": ""
                }
            ],
            "maskGuids": [
                "8626915e-aee1-42d0-a562-7bd612b97bdd",
                "5d637fff-4c9b-4bfd-aa9b-96c8bca7c6fb"
            ],
            "groupName": ""
        }
    ],
    "requestSets": [
        {
            "requestSetID": 0,
            "groupIndex": 0,
            "status": 1,
            "requestSetIndex": 0,
            "keyHash": 977748848,
            "KeyNameMMHash": 2376776116,
            "name": "",
            "keyName": "Sensor",
            "nativeShapeColliders": [
                {
                    "via.physics.RequestSetColliderUserData": {
                        "v0_Name": "",
                        "v1_ParentUserData": {
                            "": {}
                        }
                    }
                }
            ],
            "userData": {
                "app.col_user_data.ActBtnParam": {
                    "v0_Name": "",
                    "v1_ParentUserData": {
                        "via.physics.UserData": {}
                    },
                    "_HitType": {
                        "app.ActBtnHitType.TYPE_Serializable": {
                            "_Value": "[3]OWN_TARGET_DIRECTION"
                        }
                    },
                    "_OwnRangeDegree": 100.0,
                    "STRUCT__OwnRangeDegreeRiding__HasValue": false,
                    "STRUCT__OwnRangeDegreeRiding__Value": 0.0,
                    "_TargetRangeDegree": 100.0,
                    "_UniqueIndex": "[0]NONE",
                    "_FreeInt": 0,
                    "_FreeFloat": 0.0
                }
            }
        }
    ],
    "ignoreTags": []
}