{
    "groupInfos": [
        {
            "groupGuid": "00000000-0000-0000-0000-000000000000",
            "nameMMHash": 1631380588,
            "unknCount": 0,
            "layerIndex": 0,
            "maskBits": 0,
            "layerGuid": "682c1567-a7be-4e32-abe2-5868c8077303",
            "groupShapes": [
                {
                    "shapeGuid": "0988c5f4-ef27-4dc9-8482-0474746319d2",
                    "shapeNameMMHash": 1495121289,
                    "unknIndex": 0,
                    "layerIndex": 0,
                    "atteribute": -1,
                    "skipIdBits": 0,
                    "shapeType": "Capsule",
                    "shapeParam": {
                        "start": {
                            "x": 0.03435610979795456,
                            "y": -0.16772110760211945,
                            "z": -0.34406211972236633
                        },
                        "end": {
                            "x": 0.005210833624005318,
                            "y": -0.2973085343837738,
                            "z": -0.005933478474617004
                        },
                        "radius": 0.6099998950958252
                    },
                    "ignoreTagBits": 0,
                    "unkn": 0,
                    "primaryJointNameMMHash": 1549972489,
                    "secondaryJointNameMMHash": 3471977595,
                    "shapeName": "",
                    "primaryJointName": "Hip",
                    "secondaryJointName": "Chest"
                },
                {
                    "shapeGuid": "3684a25b-bd4a-49b9-a1d1-9903036d54d1",
                    "shapeNameMMHash": 12419295,
                    "unknIndex": 0,
                    "layerIndex": 0,
                    "atteribute": -1,
                    "skipIdBits": 0,
                    "shapeType": "Capsule",
                    "shapeParam": {
                        "start": {
                            "x": 0.3081882894039154,
                            "y": -0.14626279473304749,
                            "z": -0.01797083020210266
                        },
                        "end": {
                            "x": -0.31479424238204956,
                            "y": -0.1503831446170807,
                            "z": -0.0022030621767044067
                        },
                        "radius": 0.20563000440597534
                    },
                    "ignoreTagBits": 0,
                    "unkn": 0,
                    "primaryJointNameMMHash": 3780279506,
                    "secondaryJointNameMMHash": 3780279506,
                    "shapeName": "",
                    "primaryJointName": "Tent_CH_00",
                    "secondaryJointName": "Tent_CH_00"
                }
            ],
            "maskGuids": [],
            "groupName": ""
        },
        {
            "groupGuid": "4368d65f-ea60-471a-b797-c13ca715285f",
            "nameMMHash": 728459537,
            "unknCount": 0,
            "layerIndex": 0,
            "maskBits": 0,
            "layerGuid": "927b19cb-5510-421f-886c-f619d06e89df",
            "groupShapes": [],
            "maskGuids": [],
            "groupName": ""
        },
        {
            "groupGuid": "588bfc10-21f2-4fb5-9a83-d03cef6db355",
            "nameMMHash": 3956341681,
            "unknCount": 0,
            "layerIndex": 0,
            "maskBits": 0,
            "layerGuid": "927b19cb-5510-421f-886c-f619d06e89df",
            "groupShapes": [
                {
                    "shapeGuid": "fed6b890-755a-4bec-8945-d44b49b75e09",
                    "shapeNameMMHash": 1970689764,
                    "unknIndex": 0,
                    "layerIndex": 0,
                    "atteribute": -1,
                    "skipIdBits": 0,
                    "shapeType": "Capsule",
                    "shapeParam": {
                        "start": {
                            "x": 0.03435610979795456,
                            "y": -0.16772110760211945,
                            "z": -0.34406211972236633
                        },
                        "end": {
                            "x": 0.005210833624005318,
                            "y": -0.2973085343837738,
                            "z": -0.005933478474617004
                        },
                        "radius": 0.6099998950958252
                    },
                    "ignoreTagBits": 0,
                    "unkn": 0,
                    "primaryJointNameMMHash": 1549972489,
                    "secondaryJointNameMMHash": 3471977595,
                    "shapeName": "",
                    "primaryJointName": "Hip",
                    "secondaryJointName": "Chest"
                },
                {
                    "shapeGuid": "3be63c5e-a88d-4bec-b565-26a5e843b16d",
                    "shapeNameMMHash": 2422222346,
                    "unknIndex": 0,
                    "layerIndex": 0,
                    "atteribute": -1,
                    "skipIdBits": 0,
                    "shapeType": "Capsule",
                    "shapeParam": {
                        "start": {
                            "x": 0.3082066476345062,
                            "y": -0.1490136981010437,
                            "z": -0.017023853957653046
                        },
                        "end": {
                            "x": -0.31475117802619934,
                            "y": -0.1464884877204895,
                            "z": -0.0035446062684059143
                        },
                        "radius": 0.20563000440597534
                    },
                    "ignoreTagBits": 0,
                    "unkn": 0,
                    "primaryJointNameMMHash": 3780279506,
                    "secondaryJointNameMMHash": 3780279506,
                    "shapeName": "",
                    "primaryJointName": "Tent_CH_00",
                    "secondaryJointName": "Tent_CH_00"
                }
            ],
            "maskGuids": [],
            "groupName": ""
        }
    ],
    "requestSets": [
        {
            "requestSetID": 0,
            "groupIndex": 0,
            "status": 1,
            "requestSetIndex": 0,
            "keyHash": 1631380588,
            "KeyNameMMHash": 2392387956,
            "name": "",
            "keyName": "ClothPress",
            "nativeShapeColliders": [
                {
                    "via.physics.RequestSetColliderUserData": {
                        "v0_Name": "",
                        "v1_ParentUserData": {
                            "": {}
                        }
                    }
                },
                {
                    "via.physics.RequestSetColliderUserData": {
                        "v0_Name": "",
                        "v1_ParentUserData": {
                            "": {}
                        }
                    }
                }
            ],
            "userData": {
                "via.physics.RequestSetColliderUserData": {
                    "v0_Name": "",
                    "v1_ParentUserData": {
                        "": {}
                    }
                }
            }
        },
        {
            "requestSetID": 1,
            "groupIndex": 1,
            "status": 0,
            "requestSetIndex": 1,
            "keyHash": 728459537,
            "KeyNameMMHash": 2180083513,
            "name": "",
            "keyName": "",
            "nativeShapeColliders": [],
            "userData": {
                "via.physics.RequestSetColliderUserData": {
                    "v0_Name": "",
                    "v1_ParentUserData": {
                        "": {}
                    }
                }
            }
        },
        {
            "requestSetID": 2,
            "groupIndex": 2,
            "status": 1,
            "requestSetIndex": 2,
            "keyHash": 3956341681,