{
    "groupInfos": [
        {
            "groupGuid": "fa320b95-dc11-400a-b7c4-fc7b463f716e",
            "nameMMHash": 2878922317,
            "unknCount": 0,
            "layerIndex": 0,
            "maskBits": 0,
            "layerGuid": "f26ddf73-ea95-4cc4-9f5e-d297b199ed89",
            "groupShapes": [
                {
                    "shapeGuid": "2374f28c-87a2-48f8-a077-612624128a0d",
                    "shapeNameMMHash": 196538805,
                    "unknIndex": 0,
                    "layerIndex": 0,
                    "atteribute": -1,
                    "skipIdBits": 0,
                    "shapeType": "Box",
                    "shapeParam": {
                        "Coord": {
                            "m00": 1.0,
                            "m01": 0.0,
                            "m02": 0.0,
                            "m03": 0.0,
                            "m10": 0.0,
                            "m11": 1.0,
                            "m12": 0.0,
                            "m13": 0.0,
                            "m20": 0.0,
                            "m21": 0.0,
                            "m22": 1.0,
                            "m23": 0.0,
                            "m30": -0.0006126761436462402,
                            "m31": 0.6783709526062012,
                            "m32": 0.0031495392322540283,
                            "m33": 1.0
                        },
                        "Extent": {
                            "x": 0.5393492579460144,
                            "y": 0.03818044066429138,
                            "z": 0.7540947198867798
                        }
                    },
                    "ignoreTagBits": 0,
                    "unkn": 0,
                    "primaryJointNameMMHash": 2180083513,
                    "secondaryJointNameMMHash": 2180083513,
                    "shapeName": "天板",
                    "primaryJointName": "",
                    "secondaryJointName": ""
                },
                {
                    "shapeGuid": "d3e70599-64b0-48da-9201-385f82ae6fc3",
                    "shapeNameMMHash": 3601666551,
                    "unknIndex": 0,
                    "layerIndex": 0,
                    "atteribute": -1,
                    "skipIdBits": 0,
                    "shapeType": "Box",
                    "shapeParam": {
                        "Coord": {
                            "m00": 1.0,
                            "m01": 0.0,
                            "m02": 0.0,
                            "m03": 0.0,
                            "m10": 0.0,
                            "m11": 0.8689175248146057,
                            "m12": -0.4949571192264557,
                            "m13": 0.0,
                            "m20": 0.0,
                            "m21": 0.4949571192264557,
                            "m22": 0.8689175248146057,
                            "m23": 0.0,
                            "m30": 0.5735450983047485,
                            "m31": 0.10147759318351746,
                            "m32": 0.37544509768486023,
                            "m33": 1.0
                        },
                        "Extent": {
                            "x": 0.023909568786621094,
                            "y": 0.6354942321777344,
                            "z": 0.04073081910610199
                        }
                    },
                    "ignoreTagBits": 0,
                    "unkn": 0,
                    "primaryJointNameMMHash": 2180083513,
                    "secondaryJointNameMMHash": 2180083513,
                    "shapeName": "脚_1",
                    "primaryJointName": "",
                    "secondaryJointName": ""
                },
                {
                    "shapeGuid": "fbabd0cf-c390-41a0-9a92-be26b9ead6e4",
                    "shapeNameMMHash": 3162629257,
                    "unknIndex": 0,
                    "layerIndex": 0,
                    "atteribute": -1,
                    "skipIdBits": 0,
                    "shapeType": "Box",
                    "shapeParam": {
                        "Coord": {
                            "m00": 1.0,
                            "m01": 0.0,
                            "m02": 0.0,
                            "m03": 0.0,
                            "m10": 0.0,
                            "m11": 0.8689175248146057,
                            "m12": -0.4949571192264557,
                            "m13": 0.0,
                            "m20": 0.0,
                            "m21": 0.4949571192264557,
                            "m22": 0.8689175248146057,
                            "m23": 0.0,
                            "m30": -0.5724484920501709,
                            "m31": 0.10147759318351746,
                            "m32": 0.37544509768486023,
                            "m33": 1.0
                        },
                        "Extent": {
                            "x": 0.023909568786621094,
                            "y": 0.6354942321777344,
                            "z": 0.04073081910610199
                        }
                    },
                    "ignoreTagBits": 0,
                    "unkn": 0,
                    "primaryJointNameMMHash": 2180083513,
                    "secondaryJointNameMMHash": 2180083513,
                    "shapeName": "脚_2",
                    "primaryJointName": "",
                    "secondaryJointName": ""
                },
                {
                    "shapeGuid": "a813449a-3d8f-446a-904d-188f9b545549",
                    "shapeNameMMHash": 1799824016,
                    "unknIndex": 0,
                    "layerIndex": 0,
                    "atteribute": -1,
                    "skipIdBits": 0,
                    "shapeType": "Box",
                    "shapeParam": {
                        "Coord": {
                            "m00": 1.0,
                            "m01": 0.0,
                            "m02": 0.0,
                            "m03": 0.0,
                            "m10": 0.0,
                            "m11": 0.8680384159088135,
                            "m12": 0.49649694561958313,
                            "m13": 0.0,
                            "m20": 0.0,
                            "m21": -0.49649694561958313,
                            "m22": 0.8680384159088135,
                            "m23": 0.0,
                            "m30": 0.5735450983047485,
                            "m31": 0.11621689051389694,
                            "m32": -0.3660224378108978,
                            "m33": 1.0
                        },
                        "Extent": {
                            "x": 0.023909568786621094,
                            "y": 0.6354942321777344,
                            "z": 0.03819597139954567
                        }
                    },
                    "ignoreTagBits": 0,
                    "unkn": 0,
                    "primaryJointNameMMHash": 2180083513,
                    "secondaryJointNameMMHash": 2180083513,
                    "shapeName": "脚_3",
                    "primaryJointName": "",
                    "secondaryJointName": ""
                },
                {
                    "shapeGuid": "af548b17-ceec-4542-a6ff-e99c6ba4dd6d",
                    "shapeNameMMHash": 2829227685,
                    "unknIndex": 0,
                    "layerIndex": 0,
                    "atteribute": -1,
                    "skipIdBits": 0,
                    "shapeType": "Box",
                    "shapeParam": {
                        "Coord": {
                            "m00": 1.0,
                            "m01": 0.0,
                            "m02": 0.0,
                            "m03": 0.0,
                            "m10": 0.0,
                            "m11": 0.8680384755134583,
                            "m12": 0.49649694561958313,