{
    "groupInfos": [
        {
            "groupGuid": "bdb743e0-ae28-07c9-3397-f75fb4aeadf6",
            "nameMMHash": 3046868390,
            "unknCount": 0,
            "layerIndex": 0,
            "maskBits": 0,
            "layerGuid": "123410c1-64cd-43db-8eb2-805eae619318",
            "groupShapes": [
                {
                    "shapeGuid": "171de92c-b325-42f0-bbe6-78b683e8eecb",
                    "shapeNameMMHash": 2180083513,
                    "unknIndex": 0,
                    "layerIndex": 0,
                    "atteribute": -1,
                    "skipIdBits": 0,
                    "shapeType": "Sphere",
                    "shapeParam": {
                        "x": 0.0,
                        "y": -0.10000000149011612,
                        "z": 0.1599999964237213,
                        "radius": 0.6000000238418579
                    },
                    "ignoreTagBits": 0,
                    "unkn": 0,
                    "primaryJointNameMMHash": 3220447360,
                    "secondaryJointNameMMHash": 2180083513,
                    "shapeName": "",
                    "primaryJointName": "Spine0",
                    "secondaryJointName": ""
                }
            ],
            "maskGuids": [
                "db1ae534-4b20-4ebd-aa18-1dabb357ad33"
            ],
            "groupName": "剥ぎ取り(各敵でAddShape必要)"
        },
        {
            "groupGuid": "c2820067-0269-0b34-1516-27c7322ab086",
            "nameMMHash": 1975351074,
            "unknCount": 0,
            "layerIndex": 0,
            "maskBits": 0,
            "layerGuid": "123410c1-64cd-43db-8eb2-805eae619318",
            "groupShapes": [],
            "maskGuids": [
                "5d637fff-4c9b-4bfd-aa9b-96c8bca7c6fb"
            ],
            "groupName": "転倒センサーPL用(要AddShape)"
        },
        {
            "groupGuid": "cc2892a8-ac8b-087c-3f82-61f030a170a1",
            "nameMMHash": 4076401732,
            "unknCount": 0,
            "layerIndex": 0,
            "maskBits": 0,
            "layerGuid": "a5ba1ce4-aa17-4c00-97c4-1bf0e61c35e6",
            "groupShapes": [
                {
                    "shapeGuid": "132f566b-46dd-0792-09de-aa99333e8d96",
                    "shapeNameMMHash": 2180083513,
                    "unknIndex": 0,
                    "layerIndex": 0,
                    "atteribute": -1,
                    "skipIdBits": 0,
                    "shapeType": "Sphere",
                    "shapeParam": {
                        "x": 0.0,
                        "y": 0.0,
                        "z": 0.0,
                        "radius": 1.0
                    },
                    "ignoreTagBits": 0,
                    "unkn": 0,
                    "primaryJointNameMMHash": 2180083513,
                    "secondaryJointNameMMHash": 2180083513,
                    "shapeName": "",
                    "primaryJointName": "",
                    "secondaryJointName": ""
                }
            ],
            "maskGuids": [
                "8626915e-aee1-42d0-a562-7bd612b97bdd"
            ],
            "groupName": "SensorGet"
        }
    ],
    "requestSets": [
        {
            "requestSetID": 100,
            "groupIndex": 0,
            "status": 0,
            "requestSetIndex": 0,
            "keyHash": 2772973265,
            "KeyNameMMHash": 2824171595,
            "name": "剥ぎ取り",
            "keyName": "Hagitori",
            "nativeShapeColliders": [
                {
                    "via.physics.RequestSetColliderUserData": {
                        "v0_Name": "",
                        "v1_ParentUserData": {
                            "": {}
                        }
                    }
                }
            ],
            "userData": {
                "app.col_user_data.ActBtnParam": {
                    "v0_Name": "ActBtnParam",
                    "v1_ParentUserData": {
                        "": {}
                    },
                    "_HitType": {
                        "app.ActBtnHitType.TYPE_Serializable": {
                            "_Value": "[0]POS_ONLY"
                        }
                    },
                    "_OwnRangeDegree": 0.0,
                    "STRUCT__OwnRangeDegreeRiding__HasValue": false,
                    "STRUCT__OwnRangeDegreeRiding__Value": 0.0,
                    "_TargetRangeDegree": 0.0,
                    "_UniqueIndex": "[2]PARTS_01",
                    "_FreeInt": 0,
                    "_FreeFloat": 0.0
                }
            }
        },
        {
            "requestSetID": 200,
            "groupIndex": 1,
            "status": 2,
            "requestSetIndex": 1,
            "keyHash": 483317014,
            "KeyNameMMHash": 757139940,
            "name": "転倒センサー（対PL）",
            "keyName": "DownSensorPLPut",
            "nativeShapeColliders": [],
            "userData": {
                "app.col_user_data.SensorParamEm": {
                    "v0_Name": "SensorParamEm",
                    "v1_ParentUserData": {
                        "": {}
                    },
                    "_Type": "[3]CLIBMABLE_DIE"
                }
            }
        },
        {
            "requestSetID": 101,
            "groupIndex": 2,
            "status": 1,
            "requestSetIndex": 2,
            "keyHash": 4286995858,
            "KeyNameMMHash": 1613301400,
            "name": "センサー当たり",
            "keyName": "SensorReceiver",
            "nativeShapeColliders": [
                {
                    "via.physics.RequestSetColliderUserData": {
                        "v0_Name": "",
                        "v1_ParentUserData": {
                            "": {}
                        }
                    }
                }
            ],
            "userData": {
                "via.physics.RequestSetColliderUserData": {
                    "v0_Name": "",
                    "v1_ParentUserData": {
                        "": {}
                    }
                }
            }
        }
    ],
    "ignoreTags": []
}