{
    "groupInfos": [
        {
            "groupGuid": "0b1e2f83-abfb-4e31-9497-34c9e48d8db5",
            "nameMMHash": 3016357314,
            "unknCount": 0,
            "layerIndex": 0,
            "maskBits": 0,
            "layerGuid": "ec51fb76-dfb7-4421-9eee-7ba064127cb2",
            "groupShapes": [
                {
                    "shapeGuid": "f741e57a-d820-4e0f-bd6b-37a2f3801a2c",
                    "shapeNameMMHash": 2180083513,
                    "unknIndex": 0,
                    "layerIndex": 0,
                    "atteribute": -1,
                    "skipIdBits": 0,
                    "shapeType": "Box",
                    "shapeParam": {
                        "Coord": {
                            "m00": 1.0,
                            "m01": 0.0,
                            "m02": -0.0,
                            "m03": 0.0,
                            "m10": -0.0,
                            "m11": 1.0,
                            "m12": 0.0,
                            "m13": 0.0,
                            "m20": 0.0,
                            "m21": 0.0,
                            "m22": 1.0,
                            "m23": 0.0,
                            "m30": 0.0,
                            "m31": 10.582296371459961,
                            "m32": -0.05000000074505806,
                            "m33": 1.0
                        },
                        "Extent": {
                            "x": 30.0,
                            "y": 10.682296752929688,
                            "z": 0.4000000059604645
                        }
                    },
                    "ignoreTagBits": 0,
                    "unkn": 0,
                    "primaryJointNameMMHash": 2180083513,
                    "secondaryJointNameMMHash": 2180083513,
                    "shapeName": "",
                    "primaryJointName": "",
                    "secondaryJointName": ""
                }
            ],
            "maskGuids": [],
            "groupName": ""
        },
        {
            "groupGuid": "914dfdc2-2231-4caa-b8c4-78c0c334e35e",
            "nameMMHash": 841272322,
            "unknCount": 0,
            "layerIndex": 0,
            "maskBits": 0,
            "layerGuid": "123410c1-64cd-43db-8eb2-805eae619318",
            "groupShapes": [
                {
                    "shapeGuid": "df03f3ff-4c09-44ab-8acf-46835db03515",
                    "shapeNameMMHash": 2180083513,
                    "unknIndex": 0,
                    "layerIndex": 0,
                    "atteribute": -1,
                    "skipIdBits": 0,
                    "shapeType": "Box",
                    "shapeParam": {
                        "Coord": {
                            "m00": 1.0,
                            "m01": 0.0,
                            "m02": 0.0,
                            "m03": 0.0,
                            "m10": 0.0,
                            "m11": 1.0,
                            "m12": 0.0,
                            "m13": 0.0,
                            "m20": 0.0,
                            "m21": -0.0,
                            "m22": 1.0,
                            "m23": 0.0,
                            "m30": 0.0,
                            "m31": 10.5,
                            "m32": -2.0,
                            "m33": 1.0
                        },
                        "Extent": {
                            "x": 45.0,
                            "y": 10.5,
                            "z": 2.0
                        }
                    },
                    "ignoreTagBits": 0,
                    "unkn": 0,
                    "primaryJointNameMMHash": 3432913095,
                    "secondaryJointNameMMHash": 2180083513,
                    "shapeName": "",
                    "primaryJointName": "_j000",
                    "secondaryJointName": ""
                }
            ],
            "maskGuids": [
                "3264c678-be1c-41ed-9349-4d9430e82afd"
            ],
            "groupName": ""
        },
        {
            "groupGuid": "d4f891bf-d37c-40fe-b9e8-4c70f249ce23",
            "nameMMHash": 4267990480,
            "unknCount": 0,
            "layerIndex": 0,
            "maskBits": 0,
            "layerGuid": "123410c1-64cd-43db-8eb2-805eae619318",
            "groupShapes": [
                {
                    "shapeGuid": "c25f7d07-00ea-42ba-980c-ea80763d4d3e",
                    "shapeNameMMHash": 2180083513,
                    "unknIndex": 0,
                    "layerIndex": 0,
                    "atteribute": -1,
                    "skipIdBits": 0,
                    "shapeType": "Box",
                    "shapeParam": {
                        "Coord": {
                            "m00": 1.0,
                            "m01": 0.0,
                            "m02": 0.0,
                            "m03": 0.0,
                            "m10": 0.0,
                            "m11": 1.0,
                            "m12": 0.0,
                            "m13": 0.0,
                            "m20": 0.0,
                            "m21": -0.0,
                            "m22": 1.0,
                            "m23": 0.0,
                            "m30": 0.0,
                            "m31": 10.5,
                            "m32": 2.0,
                            "m33": 1.0
                        },
                        "Extent": {
                            "x": 45.0,
                            "y": 10.5,
                            "z": 2.0
                        }
                    },
                    "ignoreTagBits": 0,
                    "unkn": 0,
                    "primaryJointNameMMHash": 3432913095,
                    "secondaryJointNameMMHash": 2180083513,
                    "shapeName": "",
                    "primaryJointName": "_j000",
                    "secondaryJointName": ""
                }
            ],
            "maskGuids": [
                "3264c678-be1c-41ed-9349-4d9430e82afd"
            ],
            "groupName": ""
        }
    ],
    "requestSets": [
        {
            "requestSetID": 1,
            "groupIndex": 0,
            "status": 1,
            "requestSetIndex": 0,
            "keyHash": 2053796569,
            "KeyNameMMHash": 3016357314,
            "name": "",
            "keyName": "",
            "nativeShapeColliders": [
                {
                    "via.physics.RequestSetColliderUserData": {
                        "v0_Name": "",
                        "v1_ParentUserData": {
                            "": {}
                        }
                    }
                }
            ],
            "userData": {
                "app.col_user_data.PressParam": {
                    "v0_Name": "",
                    "v1_ParentUserData": {
                        "": {}
                    },
                    "_PressLevel": "[1]NO_MOVE"
                }
            }
        },
        {
            "requestSetID": 105,
            "groupIndex": 1,
            "status": 0,
            "requestSetIndex": 1,
            "keyHash": 841272322,
            "KeyNameMMHash": 2149759880,
            "name": "",
            "keyName": "CameraAdjustA",
            "nativeShapeColliders": [
                {
                    "via.physics.RequestSetColliderUserData": {
                        "v0_Name": "",
                        "v1_ParentUserData": {
                            "": {}
                        }
                    }
                }
            ],
            "userData": {
                "via.physics.RequestSetColliderUserData": {
                    "v0_Name": "",
                    "v1_ParentUserData": {
                        "": {}
                    }
                }
            }
        },
        {
            "requestSetID": 106,
            "groupIndex": 2,