{
    "groupInfos": [
        {
            "groupGuid": "93f8a123-6ec9-430c-a6ab-bcc00e12e55f",
            "nameMMHash": 1417147592,
            "unknCount": 0,
            "layerIndex": 0,
            "maskBits": 0,
            "layerGuid": "123410c1-64cd-43db-8eb2-805eae619318",
            "groupShapes": [
                {
                    "shapeGuid": "ecb1d2b0-7950-4a61-bb7e-c423f53ed75d",
                    "shapeNameMMHash": 2180083513,
                    "unknIndex": 0,
                    "layerIndex": 0,
                    "atteribute": -1,
                    "skipIdBits": 0,
                    "shapeType": "Box",
                    "shapeParam": {
                        "Coord": {
                            "m00": 1.0,
                            "m01": 0.0,
                            "m02": 0.0,
                            "m03": 0.0,
                            "m10": 0.0,
                            "m11": 1.0,
                            "m12": 0.0,
                            "m13": 0.0,
                            "m20": 0.0,
                            "m21": 0.0,
                            "m22": 1.0,
                            "m23": 0.0,
                            "m30": 0.3583259582519531,
                            "m31": 10.553839683532715,
                            "m32": 0.09852790832519531,
                            "m33": 1.0
                        },
                        "Extent": {
                            "x": 29.332862854003906,
                            "y": 11.553839683532715,
                            "z": 1.8554763793945312
                        }
                    },
                    "ignoreTagBits": 0,
                    "unkn": 0,
                    "primaryJointNameMMHash": 2180083513,
                    "secondaryJointNameMMHash": 2180083513,
                    "shapeName": "",
                    "primaryJointName": "",
                    "secondaryJointName": ""
                }
            ],
            "maskGuids": [
                "8626915e-aee1-42d0-a562-7bd612b97bdd"
            ],
            "groupName": ""
        },
        {
            "groupGuid": "01e9b049-83dc-418a-bbee-d095742af1a2",
            "nameMMHash": 2376776116,
            "unknCount": 0,
            "layerIndex": 0,
            "maskBits": 0,
            "layerGuid": "123410c1-64cd-43db-8eb2-805eae619318",
            "groupShapes": [
                {
                    "shapeGuid": "74506c0b-2111-439b-a056-a38aa6bc3124",
                    "shapeNameMMHash": 1518458055,
                    "unknIndex": 0,
                    "layerIndex": 0,
                    "atteribute": -1,
                    "skipIdBits": 0,
                    "shapeType": "Sphere",
                    "shapeParam": {
                        "x": 0.0,
                        "y": 0.0,
                        "z": 0.0,
                        "radius": 1.5
                    },
                    "ignoreTagBits": 0,
                    "unkn": 0,
                    "primaryJointNameMMHash": 2180083513,
                    "secondaryJointNameMMHash": 2180083513,
                    "shapeName": "",
                    "primaryJointName": "",
                    "secondaryJointName": ""
                }
            ],
            "maskGuids": [
                "db1ae534-4b20-4ebd-aa18-1dabb357ad33"
            ],
            "groupName": ""
        }
    ],
    "requestSets": [
        {
            "requestSetID": 0,
            "groupIndex": 0,
            "status": 1,
            "requestSetIndex": 0,
            "keyHash": 3150166601,
            "KeyNameMMHash": 1417147592,
            "name": "",
            "keyName": "",
            "nativeShapeColliders": [
                {
                    "via.physics.RequestSetColliderUserData": {
                        "v0_Name": "",
                        "v1_ParentUserData": {
                            "": {}
                        }
                    }
                }
            ],
            "userData": {
                "app.col_user_data.SensorParamGm": {
                    "v0_Name": "",
                    "v1_ParentUserData": {
                        "": {}
                    },
                    "_Type": "[0]NONE",
                    "_LookAtType": "[0]NONE",
                    "_LookAtOffset": {
                        "x": 0.0,
                        "y": 0.0,
                        "z": 0.0,
                        "pad": 0.0
                    },
                    "_LookAtSecond": 0.5,
                    "_IsCharacterAvoid": false,
                    "_IsDisableBomb": false,
                    "_IsDisableTrap": false,
                    "_IsDisableTrapMeat": false,
                    "_IsDisableBonfire": false
                }
            }
        }
    ],
    "ignoreTags": []
}