{
    "groupInfos": [
        {
            "groupGuid": "d7338561-fd09-49d4-a0d6-5a29d3b6a3c7",
            "nameMMHash": 2193046701,
            "unknCount": 0,
            "layerIndex": 0,
            "maskBits": 0,
            "layerGuid": "f26ddf73-ea95-4cc4-9f5e-d297b199ed89",
            "groupShapes": [
                {
                    "shapeGuid": "ed66c1de-706c-4931-ad49-09305ac57d1b",
                    "shapeNameMMHash": 2180083513,
                    "unknIndex": 0,
                    "layerIndex": 0,
                    "atteribute": -1,
                    "skipIdBits": 0,
                    "shapeType": "Capsule",
                    "shapeParam": {
                        "start": {
                            "x": 3.566290018852669e-08,
                            "y": 0.09972070157527924,
                            "z": 0.0
                        },
                        "end": {
                            "x": 2.0149120700807543e-06,
                            "y": 0.8588737845420837,
                            "z": 0.0
                        },
                        "radius": 0.30000001192092896
                    },
                    "ignoreTagBits": 0,
                    "unkn": 0,
                    "primaryJointNameMMHash": 2180083513,
                    "secondaryJointNameMMHash": 2180083513,
                    "shapeName": "",
                    "primaryJointName": "",
                    "secondaryJointName": ""
                },
                {
                    "shapeGuid": "8e578471-0d89-4399-a819-84a7fce143ab",
                    "shapeNameMMHash": 2180083513,
                    "unknIndex": 0,
                    "layerIndex": 0,
                    "atteribute": -1,
                    "skipIdBits": 0,
                    "shapeType": "Capsule",
                    "shapeParam": {
                        "start": {
                            "x": 0.5482966303825378,
                            "y": 1.2511156797409058,
                            "z": -0.3594748079776764
                        },
                        "end": {
                            "x": 0.01188889890909195,
                            "y": 1.239229679107666,
                            "z": 0.05510830134153366
                        },
                        "radius": 0.1987479329109192
                    },
                    "ignoreTagBits": 0,
                    "unkn": 0,
                    "primaryJointNameMMHash": 2180083513,
                    "secondaryJointNameMMHash": 2180083513,
                    "shapeName": "",
                    "primaryJointName": "",
                    "secondaryJointName": ""
                },
                {
                    "shapeGuid": "70a5445e-9b7d-4fb9-9e8a-9872a4f2119f",
                    "shapeNameMMHash": 2180083513,
                    "unknIndex": 0,
                    "layerIndex": 0,
                    "atteribute": -1,
                    "skipIdBits": 0,
                    "shapeType": "Capsule",
                    "shapeParam": {
                        "start": {
                            "x": -0.19966821372509003,
                            "y": 1.3873285055160522,
                            "z": 0.7901124954223633
                        },
                        "end": {
                            "x": -0.27445513010025024,
                            "y": 1.1491137742996216,
                            "z": 0.24223026633262634
                        },
                        "radius": 0.27000001072883606
                    },
                    "ignoreTagBits": 0,
                    "unkn": 0,
                    "primaryJointNameMMHash": 2180083513,
                    "secondaryJointNameMMHash": 2180083513,
                    "shapeName": "",
                    "primaryJointName": "",
                    "secondaryJointName": ""
                },
                {
                    "shapeGuid": "1d308c89-717c-4427-a73b-622e7ba924f7",
                    "shapeNameMMHash": 2180083513,
                    "unknIndex": 0,
                    "layerIndex": 0,
                    "atteribute": -1,
                    "skipIdBits": 0,
                    "shapeType": "Capsule",
                    "shapeParam": {
                        "start": {
                            "x": 0.18932487070560455,
                            "y": 0.7316138744354248,
                            "z": 0.3411412239074707
                        },
                        "end": {
                            "x": 0.39561721682548523,
                            "y": 0.7133891582489014,
                            "z": 0.4744303524494171
                        },
                        "radius": 0.18719850480556488
                    },
                    "ignoreTagBits": 0,
                    "unkn": 0,
                    "primaryJointNameMMHash": 2180083513,
                    "secondaryJointNameMMHash": 2180083513,
                    "shapeName": "",
                    "primaryJointName": "",
                    "secondaryJointName": ""
                }
            ],
            "maskGuids": [
                "2c7c3a09-6534-4d7b-b527-acd7f92ee08b"
            ],
            "groupName": "Group"
        }
    ],
    "requestSets": [
        {
            "requestSetID": 0,
            "groupIndex": 0,
            "status": 1,
            "requestSetIndex": 0,
            "keyHash": 3049698517,
            "KeyNameMMHash": 2878922317,
            "name": "ダメージアタリ",
            "keyName": "Damage",
            "nativeShapeColliders": [
                {
                    "via.physics.RequestSetColliderUserData": {
                        "v0_Name": "",
                        "v1_ParentUserData": {
                            "": {}
                        }
                    }
                },
                {
                    "via.physics.RequestSetColliderUserData": {
                        "v0_Name": "",
                        "v1_ParentUserData": {
                            "": {}
                        }
                    }
                },
                {
                    "via.physics.RequestSetColliderUserData": {
                        "v0_Name": "",
                        "v1_ParentUserData": {
                            "": {}
                        }
                    }
                },
                {
                    "via.physics.RequestSetColliderUserData": {
                        "v0_Name": "",
                        "v1_ParentUserData": {
                            "": {}
                        }
                    }
                }
            ],
            "userData": {
                "via.physics.RequestSetColliderUserData": {
                    "v0_Name": "",
                    "v1_ParentUserData": {
                        "": {}
                    }
                }
            }
        }
    ],
    "ignoreTags": []
}