{
    "groupInfos": [
        {
            "groupGuid": "d7945f7c-c104-44ce-a431-80157e462052",
            "nameMMHash": 2878922317,
            "unknCount": 0,
            "layerIndex": 0,
            "maskBits": 0,
            "layerGuid": "f26ddf73-ea95-4cc4-9f5e-d297b199ed89",
            "groupShapes": [
                {
                    "shapeGuid": "46120a72-6696-4a8f-8fa1-8188ce3fd7d5",
                    "shapeNameMMHash": 1094705126,
                    "unknIndex": 0,
                    "layerIndex": 0,
                    "atteribute": -1,
                    "skipIdBits": 0,
                    "shapeType": "Capsule",
                    "shapeParam": {
                        "start": {
                            "x": -0.25567901134490967,
                            "y": -24.41242027282715,
                            "z": 0.00870312750339508
                        },
                        "end": {
                            "x": -10.804147720336914,
                            "y": -15.540534019470215,
                            "z": -3.289822578430176
                        },
                        "radius": 2.200000047683716
                    },
                    "ignoreTagBits": 0,
                    "unkn": 0,
                    "primaryJointNameMMHash": 2180083513,
                    "secondaryJointNameMMHash": 2180083513,
                    "shapeName": "Capsule",
                    "primaryJointName": "",
                    "secondaryJointName": ""
                },
                {
                    "shapeGuid": "bbb0960d-8fa3-4e13-9a65-d9e91bda9aed",
                    "shapeNameMMHash": 1094705126,
                    "unknIndex": 0,
                    "layerIndex": 0,
                    "atteribute": -1,
                    "skipIdBits": 0,
                    "shapeType": "Capsule",
                    "shapeParam": {
                        "start": {
                            "x": 5.474324703216553,
                            "y": -21.346834182739258,
                            "z": -5.51721715927124
                        },
                        "end": {
                            "x": -7.194622039794922,
                            "y": -17.70005989074707,
                            "z": 2.2587013244628906
                        },
                        "radius": 2.0
                    },
                    "ignoreTagBits": 0,
                    "unkn": 0,
                    "primaryJointNameMMHash": 2180083513,
                    "secondaryJointNameMMHash": 2180083513,
                    "shapeName": "Capsule",
                    "primaryJointName": "",
                    "secondaryJointName": ""
                },
                {
                    "shapeGuid": "a72026b0-13b5-4d0f-ada8-5d00a2a9ca17",
                    "shapeNameMMHash": 1094705126,
                    "unknIndex": 0,
                    "layerIndex": 0,
                    "atteribute": -1,
                    "skipIdBits": 0,
                    "shapeType": "Capsule",
                    "shapeParam": {
                        "start": {
                            "x": 9.039530754089355,
                            "y": -21.375558853149414,
                            "z": -0.8144953846931458
                        },
                        "end": {
                            "x": -0.651857316493988,
                            "y": -24.9239501953125,
                            "z": -2.473444938659668
                        },
                        "radius": 1.7000000476837158
                    },
                    "ignoreTagBits": 0,
                    "unkn": 0,
                    "primaryJointNameMMHash": 2180083513,
                    "secondaryJointNameMMHash": 2180083513,
                    "shapeName": "Capsule",
                    "primaryJointName": "",
                    "secondaryJointName": ""
                }
            ],
            "maskGuids": [
                "2c7c3a09-6534-4d7b-b527-acd7f92ee08b"
            ],
            "groupName": "Damage"
        }
    ],
    "requestSets": [
        {
            "requestSetID": 0,
            "groupIndex": 0,
            "status": 1,
            "requestSetIndex": 0,
            "keyHash": 3049698517,
            "KeyNameMMHash": 2878922317,
            "name": "ダメージアタリ",
            "keyName": "Damage",
            "nativeShapeColliders": [
                {
                    "via.physics.RequestSetColliderUserData": {
                        "v0_Name": "",
                        "v1_ParentUserData": {
                            "": {}
                        }
                    }
                },
                {
                    "via.physics.RequestSetColliderUserData": {
                        "v0_Name": "",
                        "v1_ParentUserData": {
                            "": {}
                        }
                    }
                },
                {
                    "via.physics.RequestSetColliderUserData": {
                        "v0_Name": "",
                        "v1_ParentUserData": {
                            "": {}
                        }
                    }
                }
            ],
            "userData": {
                "via.physics.RequestSetColliderUserData": {
                    "v0_Name": "",
                    "v1_ParentUserData": {
                        "": {}
                    }
                }
            }
        }
    ],
    "ignoreTags": []
}