{
    "groupInfos": [
        {
            "groupGuid": "0180d9b6-f048-40bd-a4d1-765dad28afca",
            "nameMMHash": 2376776116,
            "unknCount": 0,
            "layerIndex": 0,
            "maskBits": 0,
            "layerGuid": "123410c1-64cd-43db-8eb2-805eae619318",
            "groupShapes": [
                {
                    "shapeGuid": "2595fb08-d132-48a0-9c22-77cf1859443f",
                    "shapeNameMMHash": 1382165204,
                    "unknIndex": 0,
                    "layerIndex": 0,
                    "atteribute": -1,
                    "skipIdBits": 0,
                    "shapeType": "Box",
                    "shapeParam": {
                        "Coord": {
                            "m00": 1.0,
                            "m01": 0.0,
                            "m02": 0.0,
                            "m03": 0.0,
                            "m10": 0.0,
                            "m11": 1.0,
                            "m12": 0.0,
                            "m13": 0.0,
                            "m20": 0.0,
                            "m21": 0.0,
                            "m22": 1.0,
                            "m23": 0.0,
                            "m30": 0.3412809371948242,
                            "m31": 8.224716186523438,
                            "m32": 2.407207489013672,
                            "m33": 1.0
                        },
                        "Extent": {
                            "x": 9.866490364074707,
                            "y": 2.7752842903137207,
                            "z": 14.520223617553711
                        }
                    },
                    "ignoreTagBits": 0,
                    "unkn": 0,
                    "primaryJointNameMMHash": 2180083513,
                    "secondaryJointNameMMHash": 2180083513,
                    "shapeName": "",
                    "primaryJointName": "",
                    "secondaryJointName": ""
                }
            ],
            "maskGuids": [
                "8626915e-aee1-42d0-a562-7bd612b97bdd",
                "5d637fff-4c9b-4bfd-aa9b-96c8bca7c6fb"
            ],
            "groupName": ""
        },
        {
            "groupGuid": "9f0cff89-db76-4ca8-9647-8e38681bd4ea",
            "nameMMHash": 2684304281,
            "unknCount": 0,
            "layerIndex": 0,
            "maskBits": 0,
            "layerGuid": "123410c1-64cd-43db-8eb2-805eae619318",
            "groupShapes": [
                {
                    "shapeGuid": "1ea0cd2a-1e15-4575-b764-0d008c8e1e34",
                    "shapeNameMMHash": 2180083513,
                    "unknIndex": 0,
                    "layerIndex": 0,
                    "atteribute": -1,
                    "skipIdBits": 0,
                    "shapeType": "Sphere",
                    "shapeParam": {
                        "x": 0.0,
                        "y": 0.0,
                        "z": 0.0,
                        "radius": 30.0
                    },
                    "ignoreTagBits": 0,
                    "unkn": 0,
                    "primaryJointNameMMHash": 2180083513,
                    "secondaryJointNameMMHash": 2180083513,
                    "shapeName": "",
                    "primaryJointName": "",
                    "secondaryJointName": ""
                }
            ],
            "maskGuids": [
                "5d637fff-4c9b-4bfd-aa9b-96c8bca7c6fb"
            ],
            "groupName": ""
        }
    ],
    "requestSets": [
        {
            "requestSetID": 0,
            "groupIndex": 0,
            "status": 1,
            "requestSetIndex": 0,
            "keyHash": 1749171103,
            "KeyNameMMHash": 4150896955,
            "name": "",
            "keyName": "ActionSensor",
            "nativeShapeColliders": [
                {
                    "via.physics.RequestSetColliderUserData": {
                        "v0_Name": "",
                        "v1_ParentUserData": {
                            "": {}
                        }
                    }
                }
            ],
            "userData": {
                "app.col_user_data.SensorParamGm": {
                    "v0_Name": "",
                    "v1_ParentUserData": {
                        "via.physics.UserData": {}
                    },
                    "_Type": "[1]TYPE_01",
                    "_LookAtType": "[0]NONE",
                    "_LookAtOffset": {
                        "x": 0.0,
                        "y": 0.0,
                        "z": 0.0,
                        "pad": 0.0
                    },
                    "_LookAtSecond": 0.5,
                    "_IsCharacterAvoid": false,
                    "_IsDisableBomb": false,
                    "_IsDisableTrap": false,
                    "_IsDisableTrapMeat": false,
                    "_IsDisableBonfire": false
                }
            }
        },
        {
            "requestSetID": 1,
            "groupIndex": 1,
            "status": 0,
            "requestSetIndex": 1,
            "keyHash": 2927902569,
            "KeyNameMMHash": 2684304281,
            "name": "",
            "keyName": "",
            "nativeShapeColliders": [
                {
                    "via.physics.RequestSetColliderUserData": {
                        "v0_Name": "",
                        "v1_ParentUserData": {
                            "": {}
                        }
                    }
                }
            ],
            "userData": {
                "app.col_user_data.SensorParamGm": {
                    "v0_Name": "",
                    "v1_ParentUserData": {
                        "via.physics.UserData": {}
                    },
                    "_Type": "[2]TYPE_02",
                    "_LookAtType": "[2]BROKEN",
                    "_LookAtOffset": {
                        "x": 0.0,
                        "y": 0.0,
                        "z": 0.0,
                        "pad": 0.0
                    },
                    "_LookAtSecond": 1.0,
                    "_IsCharacterAvoid": false,
                    "_IsDisableBomb": false,
                    "_IsDisableTrap": false,
                    "_IsDisableTrapMeat": false,
                    "_IsDisableBonfire": false
                }
            }
        }
    ],
    "ignoreTags": []
}