{
    "groupInfos": [
        {
            "groupGuid": "73791973-3873-45ca-9316-af40fe9d9713",
            "nameMMHash": 4213612938,
            "unknCount": 0,
            "layerIndex": 0,
            "maskBits": 0,
            "layerGuid": "8b712289-e894-4218-819b-180c19900de2",
            "groupShapes": [
                {
                    "shapeGuid": "87782b32-46bd-4fb8-8278-1177fca8451b",
                    "shapeNameMMHash": 2180083513,
                    "unknIndex": 0,
                    "layerIndex": 0,
                    "atteribute": -1,
                    "skipIdBits": 0,
                    "shapeType": "Capsule",
                    "shapeParam": {
                        "start": {
                            "x": 0.0,
                            "y": 0.8999999761581421,
                            "z": 0.5
                        },
                        "end": {
                            "x": 0.0,
                            "y": 0.8999999761581421,
                            "z": 2.0
                        },
                        "radius": 0.800000011920929
                    },
                    "ignoreTagBits": 0,
                    "unkn": 0,
                    "primaryJointNameMMHash": 2879905340,
                    "secondaryJointNameMMHash": 2180083513,
                    "shapeName": "",
                    "primaryJointName": "root",
                    "secondaryJointName": ""
                },
                {
                    "shapeGuid": "e8b713fc-65ba-4f98-9983-41db872a1aa6",
                    "shapeNameMMHash": 2180083513,
                    "unknIndex": 0,
                    "layerIndex": 0,
                    "atteribute": -1,
                    "skipIdBits": 0,
                    "shapeType": "Capsule",
                    "shapeParam": {
                        "start": {
                            "x": 0.0,
                            "y": 2.0,
                            "z": 0.5
                        },
                        "end": {
                            "x": 0.0,
                            "y": 2.0,
                            "z": 2.0
                        },
                        "radius": 0.800000011920929
                    },
                    "ignoreTagBits": 0,
                    "unkn": 0,
                    "primaryJointNameMMHash": 2879905340,
                    "secondaryJointNameMMHash": 2180083513,
                    "shapeName": "",
                    "primaryJointName": "root",
                    "secondaryJointName": ""
                },
                {
                    "shapeGuid": "b4231856-5bac-40bc-81c9-70cca33139c3",
                    "shapeNameMMHash": 2180083513,
                    "unknIndex": 0,
                    "layerIndex": 0,
                    "atteribute": -1,
                    "skipIdBits": 0,
                    "shapeType": "Capsule",
                    "shapeParam": {
                        "start": {
                            "x": 0.0,
                            "y": 3.0,
                            "z": 0.5
                        },
                        "end": {
                            "x": 0.0,
                            "y": 3.0,
                            "z": 2.0
                        },
                        "radius": 0.800000011920929
                    },
                    "ignoreTagBits": 0,
                    "unkn": 0,
                    "primaryJointNameMMHash": 2879905340,
                    "secondaryJointNameMMHash": 2180083513,
                    "shapeName": "",
                    "primaryJointName": "root",
                    "secondaryJointName": ""
                },
                {
                    "shapeGuid": "bc265596-3ee1-4521-8ea3-c84cba98a139",
                    "shapeNameMMHash": 2180083513,
                    "unknIndex": 0,
                    "layerIndex": 0,
                    "atteribute": -1,
                    "skipIdBits": 0,
                    "shapeType": "Capsule",
                    "shapeParam": {
                        "start": {
                            "x": 0.0,
                            "y": 0.8999999761581421,
                            "z": 0.5
                        },
                        "end": {
                            "x": 1.0,
                            "y": 0.8999999761581421,
                            "z": 0.5
                        },
                        "radius": 0.800000011920929
                    },
                    "ignoreTagBits": 0,
                    "unkn": 0,
                    "primaryJointNameMMHash": 2879905340,
                    "secondaryJointNameMMHash": 2180083513,
                    "shapeName": "",
                    "primaryJointName": "root",
                    "secondaryJointName": ""
                },
                {
                    "shapeGuid": "b38a17eb-b710-4d20-865e-84a2ca35bd4d",
                    "shapeNameMMHash": 2180083513,
                    "unknIndex": 0,
                    "layerIndex": 0,
                    "atteribute": -1,
                    "skipIdBits": 0,
                    "shapeType": "Capsule",
                    "shapeParam": {
                        "start": {
                            "x": 0.0,
                            "y": 0.8999999761581421,
                            "z": 0.5
                        },
                        "end": {
                            "x": -1.0,
                            "y": 0.8999999761581421,
                            "z": 0.5
                        },
                        "radius": 0.800000011920929
                    },
                    "ignoreTagBits": 0,
                    "unkn": 0,
                    "primaryJointNameMMHash": 2879905340,
                    "secondaryJointNameMMHash": 2180083513,
                    "shapeName": "",
                    "primaryJointName": "root",
                    "secondaryJointName": ""
                },
                {
                    "shapeGuid": "55d0b88a-be10-4127-b942-f7d5d6720dcf",
                    "shapeNameMMHash": 2180083513,
                    "unknIndex": 0,
                    "layerIndex": 0,
                    "atteribute": -1,
                    "skipIdBits": 0,
                    "shapeType": "Capsule",
                    "shapeParam": {
                        "start": {
                            "x": 0.0,
                            "y": 0.8999999761581421,
                            "z": 1.7999999523162842
                        },
                        "end": {
                            "x": 1.0,
                            "y": 0.8999999761581421,
                            "z": 1.7999999523162842
                        },
                        "radius": 0.800000011920929
                    },
                    "ignoreTagBits": 0,
                    "unkn": 0,
                    "primaryJointNameMMHash": 2879905340,
                    "secondaryJointNameMMHash": 2180083513,
                    "shapeName": "",
                    "primaryJointName": "root",
                    "secondaryJointName": ""
                },
                {
                    "shapeGuid": "9cd55819-699e-4479-a10c-10ed1bddb208",
                    "shapeNameMMHash": 2180083513,
                    "unknIndex": 0,
                    "layerIndex": 0,
                    "atteribute": -1,
                    "skipIdBits": 0,
                    "shapeType": "Capsule",
                    "shapeParam": {
                        "start": {
                            "x": 0.0,
                            "y": 0.8999999761581421,
                            "z": 1.7999999523162842
                        },
                        "end": {
                            "x": -1.0,
                            "y": 0.8999999761581421,