{
    "groupInfos": [
        {
            "groupGuid": "39e77ab5-71d6-05e5-0e09-2d7aa7d74da7",
            "nameMMHash": 4254496559,
            "unknCount": 0,
            "layerIndex": 0,
            "maskBits": 0,
            "layerGuid": "f26ddf73-ea95-4cc4-9f5e-d297b199ed89",
            "groupShapes": [
                {
                    "shapeGuid": "85f8764d-e773-4a38-bbb9-8a84e62b2e2b",
                    "shapeNameMMHash": 2180083513,
                    "unknIndex": 0,
                    "layerIndex": 0,
                    "atteribute": -1,
                    "skipIdBits": 0,
                    "shapeType": "Sphere",
                    "shapeParam": {
                        "x": 0.0,
                        "y": 0.0,
                        "z": 0.0,
                        "radius": 2.0
                    },
                    "ignoreTagBits": 0,
                    "unkn": 0,
                    "primaryJointNameMMHash": 1549972489,
                    "secondaryJointNameMMHash": 2180083513,
                    "shapeName": "",
                    "primaryJointName": "Hip",
                    "secondaryJointName": ""
                }
            ],
            "maskGuids": [
                "c36e5baf-bc5d-4b50-a27c-0fe96d24bbb6"
            ],
            "groupName": "音反応(要AddShape)"
        },
        {
            "groupGuid": "ec9dd252-fa40-4cdc-bddb-97e4647ca663",
            "nameMMHash": 3449427464,
            "unknCount": 0,
            "layerIndex": 0,
            "maskBits": 0,
            "layerGuid": "9e8f7679-6a4a-42ef-9274-e760dd328405",
            "groupShapes": [
                {
                    "shapeGuid": "585335a0-9bd1-4161-b32e-27bfe5bf6d38",
                    "shapeNameMMHash": 2180083513,
                    "unknIndex": 0,
                    "layerIndex": 0,
                    "atteribute": -1,
                    "skipIdBits": 0,
                    "shapeType": "Capsule",
                    "shapeParam": {
                        "start": {
                            "x": 0.0,
                            "y": -0.05000000074505806,
                            "z": -0.05000000074505806
                        },
                        "end": {
                            "x": 0.0,
                            "y": 0.0,
                            "z": -0.30000001192092896
                        },
                        "radius": 0.3499999940395355
                    },
                    "ignoreTagBits": 0,
                    "unkn": 0,
                    "primaryJointNameMMHash": 1601026730,
                    "secondaryJointNameMMHash": 1601026730,
                    "shapeName": "",
                    "primaryJointName": "Neck0",
                    "secondaryJointName": "Neck0"
                }
            ],
            "maskGuids": [],
            "groupName": "頭_Push"
        },
        {
            "groupGuid": "4aae278c-62dd-4181-80fb-bb4ef90a4ae3",
            "nameMMHash": 729264182,
            "unknCount": 0,
            "layerIndex": 0,
            "maskBits": 0,
            "layerGuid": "9e8f7679-6a4a-42ef-9274-e760dd328405",
            "groupShapes": [
                {
                    "shapeGuid": "b5af7379-843f-434a-8be2-f0b2969824dc",
                    "shapeNameMMHash": 2180083513,
                    "unknIndex": 0,
                    "layerIndex": 0,
                    "atteribute": -1,
                    "skipIdBits": 0,
                    "shapeType": "Capsule",
                    "shapeParam": {
                        "start": {
                            "x": 0.0,
                            "y": 0.0,
                            "z": -0.10000000149011612
                        },
                        "end": {
                            "x": 0.0,
                            "y": 0.0,
                            "z": 0.10000000149011612
                        },
                        "radius": 0.4000000059604645
                    },
                    "ignoreTagBits": 0,
                    "unkn": 0,
                    "primaryJointNameMMHash": 3156905843,
                    "secondaryJointNameMMHash": 353018275,
                    "shapeName": "",
                    "primaryJointName": "Tail1",
                    "secondaryJointName": "Tail6"
                }
            ],
            "maskGuids": [],
            "groupName": "体_Push"
        },
        {
            "groupGuid": "79b6cc03-1c60-4569-9ff7-7221f69b9c26",
            "nameMMHash": 642741696,
            "unknCount": 0,
            "layerIndex": 0,
            "maskBits": 0,
            "layerGuid": "f26ddf73-ea95-4cc4-9f5e-d297b199ed89",
            "groupShapes": [
                {
                    "shapeGuid": "df24fea0-228a-48b1-8666-500b0d8a5623",
                    "shapeNameMMHash": 2180083513,
                    "unknIndex": 0,
                    "layerIndex": 0,
                    "atteribute": -1,
                    "skipIdBits": 0,
                    "shapeType": "Capsule",
                    "shapeParam": {
                        "start": {
                            "x": -5.9604641222676946e-08,
                            "y": 0.0,
                            "z": -0.10000000149011612
                        },
                        "end": {
                            "x": 0.0,
                            "y": 0.0,
                            "z": -0.20000000298023224
                        },
                        "radius": 0.5
                    },
                    "ignoreTagBits": 0,
                    "unkn": 0,
                    "primaryJointNameMMHash": 1601026730,
                    "secondaryJointNameMMHash": 1601026730,
                    "shapeName": "",
                    "primaryJointName": "Neck0",
                    "secondaryJointName": "Neck0"
                }
            ],
            "maskGuids": [
                "de74ded7-3a39-4e95-a725-af017affbd19"
            ],
            "groupName": "頭"
        },
        {
            "groupGuid": "549e8470-e9bf-41c7-a271-2c4c9ac6ebe3",
            "nameMMHash": 1817117551,
            "unknCount": 0,
            "layerIndex": 0,
            "maskBits": 0,
            "layerGuid": "f26ddf73-ea95-4cc4-9f5e-d297b199ed89",
            "groupShapes": [
                {
                    "shapeGuid": "cb769035-b2ca-4873-9870-d07677f74927",
                    "shapeNameMMHash": 2180083513,
                    "unknIndex": 0,
                    "layerIndex": 0,
                    "atteribute": -1,
                    "skipIdBits": 0,
                    "shapeType": "Capsule",
                    "shapeParam": {
                        "start": {
                            "x": 0.0,
                            "y": 0.0,
                            "z": 0.0
                        },
                        "end": {
                            "x": 0.0,
                            "y": 0.0,
                            "z": 0.0
                        },
                        "radius": 0.5
                    },
                    "ignoreTagBits": 0,
                    "unkn": 0,
                    "primaryJointNameMMHash": 3156905843,
                    "secondaryJointNameMMHash": 1698192161,
                    "shapeName": "",
                    "primaryJointName": "Tail1",
                    "secondaryJointName": "Tail5"
                }
            ],
            "maskGuids": [
                "de74ded7-3a39-4e95-a725-af017affbd19"
            ],
            "groupName": "体"
        },
        {
            "groupGuid": "a8e71289-457d-4cb1-8703-7d2facca8012",
            "nameMMHash": 4187449853,
            "unknCount": 0,
            "layerIndex": 0,
            "maskBits": 0,
            "layerGuid": "a24714ee-a659-4161-a0ab-45d02d7bc76f",