{
    "groupInfos": [
        {
            "groupGuid": "24890be5-6fcd-4505-8a0c-ed0c9e9021d2",
            "nameMMHash": 2376776116,
            "unknCount": 0,
            "layerIndex": 0,
            "maskBits": 0,
            "layerGuid": "123410c1-64cd-43db-8eb2-805eae619318",
            "groupShapes": [
                {
                    "shapeGuid": "cbf4e77d-6d78-4880-a397-d5dfe78e2d3c",
                    "shapeNameMMHash": 2180083513,
                    "unknIndex": 0,
                    "layerIndex": 0,
                    "atteribute": -1,
                    "skipIdBits": 0,
                    "shapeType": "Box",
                    "shapeParam": {
                        "Coord": {
                            "m00": 1.0,
                            "m01": 0.0,
                            "m02": 0.0,
                            "m03": 0.0,
                            "m10": 0.0,
                            "m11": 1.0,
                            "m12": 0.0,
                            "m13": 0.0,
                            "m20": 0.0,
                            "m21": 0.0,
                            "m22": 1.0,
                            "m23": 0.0,
                            "m30": -25.35736083984375,
                            "m31": -0.19330020248889923,
                            "m32": 5.011768817901611,
                            "m33": 1.0
                        },
                        "Extent": {
                            "x": 19.237550735473633,
                            "y": 7.233521938323975,
                            "z": 15.591050148010254
                        }
                    },
                    "ignoreTagBits": 0,
                    "unkn": 0,
                    "primaryJointNameMMHash": 2180083513,
                    "secondaryJointNameMMHash": 2180083513,
                    "shapeName": "",
                    "primaryJointName": "",
                    "secondaryJointName": ""
                }
            ],
            "maskGuids": [
                "8626915e-aee1-42d0-a562-7bd612b97bdd",
                "5d637fff-4c9b-4bfd-aa9b-96c8bca7c6fb"
            ],
            "groupName": ""
        }
    ],
    "requestSets": [
        {
            "requestSetID": 0,
            "groupIndex": 0,
            "userDataIndex": 0,
            "nativeShapeColliderIndex": 1,
            "status": 1,
            "requestSetIndex": 0,
            "keyHash": 2376776116,
            "KeyNameMMHash": 2376776116,
            "name": "",
            "keyName": "",
            "nativeShapeColliders": [
                {
                    "via.physics.RequestSetColliderUserData": {
                        "v0_Name": "",
                        "v1_ParentUserData": {
                            "": {}
                        }
                    }
                }
            ],
            "userData": {
                "app.col_user_data.SensorParamEm": {
                    "v0_Name": "",
                    "v1_ParentUserData": {
                        "via.physics.UserData": {}
                    },
                    "_Type": "[2]CLIMBABLE_DOWN"
                }
            }
        }
    ],
    "ignoreTags": []
}