{
    "groupInfos": [
        {
            "groupGuid": "4a209e81-4fdf-4c43-9d13-43417d5a550e",
            "nameMMHash": 2878922317,
            "unknCount": 0,
            "layerIndex": 0,
            "maskBits": 0,
            "layerGuid": "f26ddf73-ea95-4cc4-9f5e-d297b199ed89",
            "groupShapes": [
                {
                    "shapeGuid": "c7823032-0fcd-4b45-9b0e-eb9a7567af27",
                    "shapeNameMMHash": 2180083513,
                    "unknIndex": 0,
                    "layerIndex": 0,
                    "atteribute": -1,
                    "skipIdBits": 0,
                    "shapeType": "Capsule",
                    "shapeParam": {
                        "start": {
                            "x": -12.138899803161621,
                            "y": 18.466049194335938,
                            "z": 2.2249770164489746
                        },
                        "end": {
                            "x": -23.328039169311523,
                            "y": 29.737289428710938,
                            "z": 6.0769758224487305
                        },
                        "radius": 4.676393985748291
                    },
                    "ignoreTagBits": 0,
                    "unkn": 0,
                    "primaryJointNameMMHash": 2180083513,
                    "secondaryJointNameMMHash": 2180083513,
                    "shapeName": "",
                    "primaryJointName": "",
                    "secondaryJointName": ""
                },
                {
                    "shapeGuid": "6840c0e2-3b95-45e4-b86c-245cc909b2ed",
                    "shapeNameMMHash": 2180083513,
                    "unknIndex": 0,
                    "layerIndex": 0,
                    "atteribute": -1,
                    "skipIdBits": 0,
                    "shapeType": "Box",
                    "shapeParam": {
                        "Coord": {
                            "m00": -0.3862181007862091,
                            "m01": -0.7006183862686157,
                            "m02": 0.5999745726585388,
                            "m03": 0.0,
                            "m10": 0.7665032148361206,
                            "m11": -0.6056138277053833,
                            "m12": -0.2137870043516159,
                            "m13": 0.0,
                            "m20": 0.5131360292434692,
                            "m21": 0.3773142099380493,
                            "m22": 0.7709251046180725,
                            "m23": 0.0,
                            "m30": -7.975784778594971,
                            "m31": 15.199250221252441,
                            "m32": 1.0653020143508911,
                            "m33": 1.0
                        },
                        "Extent": {
                            "x": 3.5853559970855713,
                            "y": 3.9679388999938965,
                            "z": 5.20993709564209
                        }
                    },
                    "ignoreTagBits": 0,
                    "unkn": 0,
                    "primaryJointNameMMHash": 2180083513,
                    "secondaryJointNameMMHash": 2180083513,
                    "shapeName": "",
                    "primaryJointName": "",
                    "secondaryJointName": ""
                }
            ],
            "maskGuids": [
                "2c7c3a09-6534-4d7b-b527-acd7f92ee08b"
            ],
            "groupName": ""
        },
        {
            "groupGuid": "2caa3cfe-53ee-4b0d-ac65-4c744e26c45a",
            "nameMMHash": 3016357314,
            "unknCount": 0,
            "layerIndex": 0,
            "maskBits": 0,
            "layerGuid": "ec51fb76-dfb7-4421-9eee-7ba064127cb2",
            "groupShapes": [
                {
                    "shapeGuid": "e1f4fd4a-d5ef-4eff-8c27-4de188de0cae",
                    "shapeNameMMHash": 2180083513,
                    "unknIndex": 0,
                    "layerIndex": 0,
                    "atteribute": -1,
                    "skipIdBits": 0,
                    "shapeType": "Capsule",
                    "shapeParam": {
                        "start": {
                            "x": 0.027643440291285515,
                            "y": 6.286624908447266,
                            "z": -1.0683510303497314
                        },
                        "end": {
                            "x": -7.753842830657959,
                            "y": 17.08039093017578,
                            "z": 1.3854360580444336
                        },
                        "radius": 3.5
                    },
                    "ignoreTagBits": 0,
                    "unkn": 0,
                    "primaryJointNameMMHash": 2180083513,
                    "secondaryJointNameMMHash": 2180083513,
                    "shapeName": "",
                    "primaryJointName": "",
                    "secondaryJointName": ""
                },
                {
                    "shapeGuid": "8d03c355-3d95-4fbe-8d4f-0dd232e28457",
                    "shapeNameMMHash": 2180083513,
                    "unknIndex": 0,
                    "layerIndex": 0,
                    "atteribute": -1,
                    "skipIdBits": 0,
                    "shapeType": "Capsule",
                    "shapeParam": {
                        "start": {
                            "x": -11.32013988494873,
                            "y": 19.43354034423828,
                            "z": 1.225471019744873
                        },
                        "end": {
                            "x": -20.382579803466797,
                            "y": 24.675920486450195,
                            "z": -2.5144779682159424
                        },
                        "radius": 3.5
                    },
                    "ignoreTagBits": 0,
                    "unkn": 0,
                    "primaryJointNameMMHash": 2180083513,
                    "secondaryJointNameMMHash": 2180083513,
                    "shapeName": "",
                    "primaryJointName": "",
                    "secondaryJointName": ""
                }
            ],
            "maskGuids": [],
            "groupName": ""
        }
    ],
    "requestSets": [
        {
            "requestSetID": 0,
            "groupIndex": 0,
            "userDataIndex": 0,
            "nativeShapeColliderIndex": 1,
            "status": 1,
            "requestSetIndex": 0,
            "keyHash": 3049698517,
            "KeyNameMMHash": 2878922317,
            "name": "",
            "keyName": "",
            "nativeShapeColliders": [
                {
                    "via.physics.RequestSetColliderUserData": {
                        "v0_Name": "",
                        "v1_ParentUserData": {
                            "": {}
                        }
                    }
                },
                {
                    "via.physics.RequestSetColliderUserData": {
                        "v0_Name": "",
                        "v1_ParentUserData": {
                            "": {}
                        }
                    }
                }
            ],
            "userData": {
                "via.physics.RequestSetColliderUserData": {
                    "v0_Name": "",
                    "v1_ParentUserData": {
                        "": {}
                    }
                }
            }
        }
    ],
    "ignoreTags": []
}