{
    "groupInfos": [
        {
            "groupGuid": "3492be3d-89d3-4952-a03d-c6f3b2245270",
            "nameMMHash": 2878922317,
            "unknCount": 0,
            "layerIndex": 0,
            "maskBits": 0,
            "layerGuid": "f26ddf73-ea95-4cc4-9f5e-d297b199ed89",
            "groupShapes": [
                {
                    "shapeGuid": "d30b040e-7266-4275-a965-2d99a1c97580",
                    "shapeNameMMHash": 2180083513,
                    "unknIndex": 0,
                    "layerIndex": 0,
                    "atteribute": -1,
                    "skipIdBits": 0,
                    "shapeType": "Sphere",
                    "shapeParam": {
                        "x": 0.0,
                        "y": 0.20000000298023224,
                        "z": 0.0,
                        "radius": 0.30000001192092896
                    },
                    "ignoreTagBits": 0,
                    "unkn": 0,
                    "primaryJointNameMMHash": 2180083513,
                    "secondaryJointNameMMHash": 2180083513,
                    "shapeName": "",
                    "primaryJointName": "",
                    "secondaryJointName": ""
                }
            ],
            "maskGuids": [
                "3b9ee1bb-4ca8-46ce-8510-98a828f86098"
            ],
            "groupName": "Damage"
        },
        {
            "groupGuid": "ef505c13-28e0-488b-a00c-947dc9078927",
            "nameMMHash": 1202832281,
            "unknCount": 0,
            "layerIndex": 0,
            "maskBits": 0,
            "layerGuid": "f26ddf73-ea95-4cc4-9f5e-d297b199ed89",
            "groupShapes": [
                {
                    "shapeGuid": "b4852c27-d406-4bc9-bd22-2184e9de7dde",
                    "shapeNameMMHash": 2180083513,
                    "unknIndex": 0,
                    "layerIndex": 0,
                    "atteribute": -1,
                    "skipIdBits": 0,
                    "shapeType": "Box",
                    "shapeParam": {
                        "Coord": {
                            "m00": 1.0,
                            "m01": 0.0,
                            "m02": 0.0,
                            "m03": 0.0,
                            "m10": 0.0,
                            "m11": 1.0,
                            "m12": 0.0,
                            "m13": 0.0,
                            "m20": 0.0,
                            "m21": -0.0,
                            "m22": 1.0,
                            "m23": 0.0,
                            "m30": 0.0,
                            "m31": 0.10000000149011612,
                            "m32": 0.0,
                            "m33": 1.0
                        },
                        "Extent": {
                            "x": 0.30000001192092896,
                            "y": 0.10000000149011612,
                            "z": 0.20000000298023224
                        }
                    },
                    "ignoreTagBits": 0,
                    "unkn": 0,
                    "primaryJointNameMMHash": 2180083513,
                    "secondaryJointNameMMHash": 2180083513,
                    "shapeName": "",
                    "primaryJointName": "",
                    "secondaryJointName": ""
                }
            ],
            "maskGuids": [
                "3b9ee1bb-4ca8-46ce-8510-98a828f86098"
            ],
            "groupName": "GroundDamage"
        }
    ],
    "requestSets": [
        {
            "requestSetID": 0,
            "groupIndex": 0,
            "status": 0,
            "requestSetIndex": 0,
            "keyHash": 2910652208,
            "KeyNameMMHash": 2878922317,
            "name": "ダメージ",
            "keyName": "Damage",
            "nativeShapeColliders": [
                {
                    "via.physics.RequestSetColliderUserData": {
                        "v0_Name": "",
                        "v1_ParentUserData": {
                            "": {}
                        }
                    }
                }
            ],
            "userData": {
                "app.col_user_data.DamageParamEm": {
                    "v0_Name": "Body",
                    "v1_ParentUserData": {
                        "": {}
                    },
                    "_PriorityFixed": {
                        "app.CollisionDef.PRIORITY_Serializable": {
                            "_Value": "[7]PRIO_8"
                        }
                    },
                    "_IsSensorCollision": false,
                    "_IsArrowFlipCollision": false,
                    "_Parts": {
                        "app.col_user_data.DamageParamEm.cParts": {
                            "_Category": "[0]PARTS",
                            "_PartsDataGuid": "00000000-0000-0000-0000-000000000000"
                        }
                    }
                }
            }
        },
        {
            "requestSetID": 1,
            "groupIndex": 1,
            "status": 0,
            "requestSetIndex": 1,
            "keyHash": 1040734131,
            "KeyNameMMHash": 1202832281,
            "name": "地下専用ダメージ",
            "keyName": "GroundDamage",
            "nativeShapeColliders": [
                {
                    "via.physics.RequestSetColliderUserData": {
                        "v0_Name": "",
                        "v1_ParentUserData": {
                            "": {}
                        }
                    }
                }
            ],
            "userData": {
                "app.col_user_data.DamageParamEm": {
                    "v0_Name": "Body",
                    "v1_ParentUserData": {
                        "": {}
                    },
                    "_PriorityFixed": {
                        "app.CollisionDef.PRIORITY_Serializable": {
                            "_Value": "[7]PRIO_8"
                        }
                    },
                    "_IsSensorCollision": false,
                    "_IsArrowFlipCollision": false,
                    "_Parts": {
                        "app.col_user_data.DamageParamEm.cParts": {
                            "_Category": "[0]PARTS",
                            "_PartsDataGuid": "00000000-0000-0000-0000-000000000000"
                        }
                    }
                }
            }
        }
    ],
    "ignoreTags": []
}