{
    "groupInfos": [
        {
            "groupGuid": "f8cb3d9f-74b0-4f7b-9457-488a80626648",
            "nameMMHash": 1505158200,
            "unknCount": 0,
            "layerIndex": 0,
            "maskBits": 0,
            "layerGuid": "123410c1-64cd-43db-8eb2-805eae619318",
            "groupShapes": [
                {
                    "shapeGuid": "37112a8b-47fa-40ae-9a21-d1643dbb4711",
                    "shapeNameMMHash": 2180083513,
                    "unknIndex": 0,
                    "layerIndex": 0,
                    "atteribute": -1,
                    "skipIdBits": 0,
                    "shapeType": "Box",
                    "shapeParam": {
                        "Coord": {
                            "m00": 0.9848077297210693,
                            "m01": 0.0,
                            "m02": -0.17364825308322906,
                            "m03": 0.0,
                            "m10": 0.0,
                            "m11": 1.0,
                            "m12": 0.0,
                            "m13": 0.0,
                            "m20": 0.17364825308322906,
                            "m21": 0.0,
                            "m22": 0.9848077297210693,
                            "m23": 0.0,
                            "m30": 1.247032642364502,
                            "m31": -20.0,
                            "m32": -6.9415669441223145,
                            "m33": 1.0
                        },
                        "Extent": {
                            "x": 28.0,
                            "y": 3.0,
                            "z": 12.0
                        }
                    },
                    "ignoreTagBits": 0,
                    "unkn": 0,
                    "primaryJointNameMMHash": 2180083513,
                    "secondaryJointNameMMHash": 2180083513,
                    "shapeName": "",
                    "primaryJointName": "",
                    "secondaryJointName": ""
                }
            ],
            "maskGuids": [
                "8626915e-aee1-42d0-a562-7bd612b97bdd"
            ],
            "groupName": "Water_EM"
        },
        {
            "groupGuid": "e21af0e1-274f-487a-a72e-57abed648d21",
            "nameMMHash": 142006539,
            "unknCount": 0,
            "layerIndex": 0,
            "maskBits": 0,
            "layerGuid": "123410c1-64cd-43db-8eb2-805eae619318",
            "groupShapes": [
                {
                    "shapeGuid": "3300b03e-e553-4cc8-8556-bcd23029ef3c",
                    "shapeNameMMHash": 2180083513,
                    "unknIndex": 0,
                    "layerIndex": 0,
                    "atteribute": -1,
                    "skipIdBits": 0,
                    "shapeType": "Box",
                    "shapeParam": {
                        "Coord": {
                            "m00": 0.9848077297210693,
                            "m01": 0.0,
                            "m02": -0.17364825308322906,
                            "m03": 0.0,
                            "m10": 0.0,
                            "m11": 1.0,
                            "m12": 0.0,
                            "m13": 0.0,
                            "m20": 0.17364825308322906,
                            "m21": 0.0,
                            "m22": 0.9848077297210693,
                            "m23": 0.0,
                            "m30": 1.8587702512741089,
                            "m31": -18.0,
                            "m32": -3.472231388092041,
                            "m33": 1.0
                        },
                        "Extent": {
                            "x": 26.0,
                            "y": 5.0,
                            "z": 10.0
                        }
                    },
                    "ignoreTagBits": 0,
                    "unkn": 0,
                    "primaryJointNameMMHash": 2180083513,
                    "secondaryJointNameMMHash": 2180083513,
                    "shapeName": "",
                    "primaryJointName": "",
                    "secondaryJointName": ""
                }
            ],
            "maskGuids": [
                "5d637fff-4c9b-4bfd-aa9b-96c8bca7c6fb"
            ],
            "groupName": "Water_PL"
        },
        {
            "groupGuid": "5192accd-f819-4553-968b-94fd196a7b39",
            "nameMMHash": 34142059,
            "unknCount": 0,
            "layerIndex": 0,
            "maskBits": 0,
            "layerGuid": "123410c1-64cd-43db-8eb2-805eae619318",
            "groupShapes": [
                {
                    "shapeGuid": "598e4a0d-bbfe-41d6-9fce-6ebb6214d908",
                    "shapeNameMMHash": 2180083513,
                    "unknIndex": 0,
                    "layerIndex": 0,
                    "atteribute": -1,
                    "skipIdBits": 0,
                    "shapeType": "Box",
                    "shapeParam": {
                        "Coord": {
                            "m00": 0.9848077297210693,
                            "m01": 0.0,
                            "m02": -0.17364825308322906,
                            "m03": 0.0,
                            "m10": 0.0,
                            "m11": 1.0,
                            "m12": 0.0,
                            "m13": 0.0,
                            "m20": 0.17364825308322906,
                            "m21": 0.0,
                            "m22": 0.9848077297210693,
                            "m23": 0.0,
                            "m30": 5.111092567443848,
                            "m31": -18.0,
                            "m32": 14.972626686096191,
                            "m33": 1.0
                        },
                        "Extent": {
                            "x": 32.0,
                            "y": 5.0,
                            "z": 7.5
                        }
                    },
                    "ignoreTagBits": 0,
                    "unkn": 0,
                    "primaryJointNameMMHash": 2180083513,
                    "secondaryJointNameMMHash": 2180083513,
                    "shapeName": "",
                    "primaryJointName": "",
                    "secondaryJointName": ""
                }
            ],
            "maskGuids": [
                "5d637fff-4c9b-4bfd-aa9b-96c8bca7c6fb"
            ],
            "groupName": "FirstWater"
        }
    ],
    "requestSets": [
        {
            "requestSetID": 0,
            "groupIndex": 0,
            "status": 0,
            "requestSetIndex": 0,
            "keyHash": 1599685526,
            "KeyNameMMHash": 1320037105,
            "name": "水流アタリEM",
            "keyName": "Water",
            "nativeShapeColliders": [
                {
                    "app.col_user_data.ShapeParamBase": {
                        "v0_Name": "WaterMoveParamEM",
                        "v1_ParentUserData": {
                            "": {}
                        },
                        "_IsCylinder": false,
                        "_AdjustRate": 0.0,
                        "_EnableDynamicShape": true,
                        "_DynamicSphere": {
                            "pos": {
                                "x": 0.0,
                                "y": 0.0,
                                "z": 0.0
                            },
                            "r": 0.0
                        },
                        "_DynamicCapsule": {
                            "p0": {
                                "x": 0.0,
                                "y": 0.0,
                                "z": 0.0,
                                "pad": 0.0
                            },
                            "p1": {
                                "x": 0.0,
                                "y": 0.0,
                                "z": 0.0,
                                "pad": 0.0
                            },