{
    "groupInfos": [
        {
            "groupGuid": "164ba742-e1b6-0746-0b17-1f4ce968c74a",
            "nameMMHash": 3046868390,
            "unknCount": 0,
            "layerIndex": 0,
            "maskBits": 0,
            "layerGuid": "123410c1-64cd-43db-8eb2-805eae619318",
            "groupShapes": [
                {
                    "shapeGuid": "5c9037cf-dae9-4dcf-873a-de56c11aa732",
                    "shapeNameMMHash": 2180083513,
                    "unknIndex": 0,
                    "layerIndex": 0,
                    "atteribute": -1,
                    "skipIdBits": 0,
                    "shapeType": "Capsule",
                    "shapeParam": {
                        "start": {
                            "x": -7.450580596923828e-09,
                            "y": 0.0,
                            "z": -3.278254894212296e-07
                        },
                        "end": {
                            "x": 1.1368679706403456e-13,
                            "y": 0.0,
                            "z": 0.0
                        },
                        "radius": 1.25
                    },
                    "ignoreTagBits": 0,
                    "unkn": 0,
                    "primaryJointNameMMHash": 935285574,
                    "secondaryJointNameMMHash": 3220447360,
                    "shapeName": "",
                    "primaryJointName": "Head",
                    "secondaryJointName": "Spine0"
                },
                {
                    "shapeGuid": "bcf4e071-67c4-4be5-a4d8-d9ec2b48a4b4",
                    "shapeNameMMHash": 2180083513,
                    "unknIndex": 0,
                    "layerIndex": 0,
                    "atteribute": -1,
                    "skipIdBits": 0,
                    "shapeType": "Capsule",
                    "shapeParam": {
                        "start": {
                            "x": 2.9802320611338473e-08,
                            "y": 0.0,
                            "z": 5.9604641222676946e-08
                        },
                        "end": {
                            "x": 1.1920930376163597e-07,
                            "y": 0.0,
                            "z": -8.791685104370117e-07
                        },
                        "radius": 1.0
                    },
                    "ignoreTagBits": 0,
                    "unkn": 0,
                    "primaryJointNameMMHash": 152489342,
                    "secondaryJointNameMMHash": 353018275,
                    "shapeName": "",
                    "primaryJointName": "Tail2",
                    "secondaryJointName": "Tail6"
                },
                {
                    "shapeGuid": "b68fc871-1114-4ee4-8acc-013f8ec2037a",
                    "shapeNameMMHash": 2180083513,
                    "unknIndex": 0,
                    "layerIndex": 0,
                    "atteribute": -1,
                    "skipIdBits": 0,
                    "shapeType": "Capsule",
                    "shapeParam": {
                        "start": {
                            "x": 0.0,
                            "y": 0.0,
                            "z": -2.9802320611338473e-08
                        },
                        "end": {
                            "x": 7.152556804612686e-07,
                            "y": 0.0,
                            "z": -1.1920930376163597e-07
                        },
                        "radius": 1.25
                    },
                    "ignoreTagBits": 0,
                    "unkn": 0,
                    "primaryJointNameMMHash": 2890959283,
                    "secondaryJointNameMMHash": 4193975936,
                    "shapeName": "",
                    "primaryJointName": "Tail0",
                    "secondaryJointName": "L_HandW0"
                },
                {
                    "shapeGuid": "56d108ee-feb3-432c-a942-bd8892881c6e",
                    "shapeNameMMHash": 2180083513,
                    "unknIndex": 0,
                    "layerIndex": 0,
                    "atteribute": -1,
                    "skipIdBits": 0,
                    "shapeType": "Capsule",
                    "shapeParam": {
                        "start": {
                            "x": 0.0,
                            "y": 0.0,
                            "z": -2.9802320611338473e-08
                        },
                        "end": {
                            "x": 1.1920930376163597e-07,
                            "y": 0.0,
                            "z": 1.1920930376163597e-07
                        },
                        "radius": 1.5
                    },
                    "ignoreTagBits": 0,
                    "unkn": 0,
                    "primaryJointNameMMHash": 2890959283,
                    "secondaryJointNameMMHash": 785907717,
                    "shapeName": "",
                    "primaryJointName": "Tail0",
                    "secondaryJointName": "L_IndexW2"
                },
                {
                    "shapeGuid": "463b43e0-3f02-44a6-bd6a-47388c18da9d",
                    "shapeNameMMHash": 2180083513,
                    "unknIndex": 0,
                    "layerIndex": 0,
                    "atteribute": -1,
                    "skipIdBits": 0,
                    "shapeType": "Capsule",
                    "shapeParam": {
                        "start": {
                            "x": 0.0,
                            "y": 0.0,
                            "z": -2.9802320611338473e-08
                        },
                        "end": {
                            "x": -4.768372150465439e-07,
                            "y": 4.768372150465439e-07,
                            "z": 1.7881390590446244e-07
                        },
                        "radius": 1.25
                    },
                    "ignoreTagBits": 0,
                    "unkn": 0,
                    "primaryJointNameMMHash": 2890959283,
                    "secondaryJointNameMMHash": 4091995080,
                    "shapeName": "",
                    "primaryJointName": "Tail0",
                    "secondaryJointName": "R_HandW0"
                },
                {
                    "shapeGuid": "85440dd9-565d-46db-8f94-75cc2f83ad30",
                    "shapeNameMMHash": 2180083513,
                    "unknIndex": 0,
                    "layerIndex": 0,
                    "atteribute": -1,
                    "skipIdBits": 0,
                    "shapeType": "Capsule",
                    "shapeParam": {
                        "start": {
                            "x": 0.0,
                            "y": 0.0,
                            "z": -2.9802320611338473e-08
                        },
                        "end": {
                            "x": -2.3841860752327193e-07,
                            "y": 0.0,
                            "z": -1.1920930376163597e-07
                        },
                        "radius": 1.5
                    },
                    "ignoreTagBits": 0,
                    "unkn": 0,
                    "primaryJointNameMMHash": 2890959283,
                    "secondaryJointNameMMHash": 3571877462,
                    "shapeName": "",
                    "primaryJointName": "Tail0",
                    "secondaryJointName": "R_IndexW2"
                }
            ],
            "maskGuids": [
                "db1ae534-4b20-4ebd-aa18-1dabb357ad33"
            ],
            "groupName": ""
        },
        {
            "groupGuid": "697ee4c5-4df7-0bbb-2d96-cfd46fecda3a",
            "nameMMHash": 1975351074,
            "unknCount": 1,
            "layerIndex": 0,
            "maskBits": 0,
            "layerGuid": "123410c1-64cd-43db-8eb2-805eae619318",
            "groupShapes": [
                {
                    "shapeGuid": "63381363-b2d1-4a26-8f50-1136e3c1f59d",