{
    "groupInfos": [
        {
            "groupGuid": "3b84e553-9ff9-4bc9-848c-fb63644ae039",
            "nameMMHash": 3016357314,
            "unknCount": 0,
            "layerIndex": 0,
            "maskBits": 0,
            "layerGuid": "9fcfb5e0-d06d-4338-8af1-a2fc4bcca265",
            "groupShapes": [
                {
                    "shapeGuid": "cbf91aca-0653-4562-988f-4c8d35030cd6",
                    "shapeNameMMHash": 2578320017,
                    "unknIndex": 0,
                    "layerIndex": 0,
                    "atteribute": -1,
                    "skipIdBits": 0,
                    "shapeType": "Capsule",
                    "shapeParam": {
                        "start": {
                            "x": 0.0,
                            "y": 0.20000000298023224,
                            "z": 0.0
                        },
                        "end": {
                            "x": 0.0,
                            "y": 1.2200000286102295,
                            "z": 0.0
                        },
                        "radius": 0.25
                    },
                    "ignoreTagBits": 0,
                    "unkn": 0,
                    "primaryJointNameMMHash": 4175418299,
                    "secondaryJointNameMMHash": 4175418299,
                    "shapeName": "押し（立ち）",
                    "primaryJointName": "Root",
                    "secondaryJointName": "Root"
                }
            ],
            "maskGuids": [
                "1651d088-ab13-4c78-ad7e-88ac0d8666f8",
                "c4b55cf4-8b33-4fcc-8bcc-1d3d19cf8fa3",
                "e761e0f0-5e1d-47fb-a045-b0c780f9485d",
                "0ab73e4a-160e-4d57-ab46-2f68c3e4f541"
            ],
            "groupName": "Press"
        },
        {
            "groupGuid": "45db399e-45fb-462e-9d47-895cad4b0c7c",
            "nameMMHash": 851530539,
            "unknCount": 0,
            "layerIndex": 0,
            "maskBits": 0,
            "layerGuid": "f26ddf73-ea95-4cc4-9f5e-d297b199ed89",
            "groupShapes": [
                {
                    "shapeGuid": "7fdc4243-667c-42db-940c-3e4b627ab426",
                    "shapeNameMMHash": 851530539,
                    "unknIndex": 0,
                    "layerIndex": 0,
                    "atteribute": -1,
                    "skipIdBits": 0,
                    "shapeType": "Capsule",
                    "shapeParam": {
                        "start": {
                            "x": 0.0,
                            "y": 0.0,
                            "z": 0.0
                        },
                        "end": {
                            "x": 0.0,
                            "y": 0.0,
                            "z": 0.0
                        },
                        "radius": 0.2700001001358032
                    },
                    "ignoreTagBits": 0,
                    "unkn": 0,
                    "primaryJointNameMMHash": 3946539076,
                    "secondaryJointNameMMHash": 1549972489,
                    "shapeName": "DamageTop",
                    "primaryJointName": "Neck_1",
                    "secondaryJointName": "Hip"
                }
            ],
            "maskGuids": [
                "21964e78-82d8-4b3a-b8bb-e20f1ffe1e40"
            ],
            "groupName": "DamageTop"
        },
        {
            "groupGuid": "9b4e1ee4-67c4-49e7-badf-ecd37ed0249d",
            "nameMMHash": 1724881065,
            "unknCount": 0,
            "layerIndex": 0,
            "maskBits": 0,
            "layerGuid": "f26ddf73-ea95-4cc4-9f5e-d297b199ed89",
            "groupShapes": [
                {
                    "shapeGuid": "2a57d740-af1d-4db5-a467-552d56092520",
                    "shapeNameMMHash": 1724881065,
                    "unknIndex": 0,
                    "layerIndex": 0,
                    "atteribute": -1,
                    "skipIdBits": 0,
                    "shapeType": "Capsule",
                    "shapeParam": {
                        "start": {
                            "x": 0.0,
                            "y": 0.25,
                            "z": 0.0
                        },
                        "end": {
                            "x": 0.0,
                            "y": 0.6000000238418579,
                            "z": 0.0
                        },
                        "radius": 0.27000001072883606
                    },
                    "ignoreTagBits": 0,
                    "unkn": 0,
                    "primaryJointNameMMHash": 2879905340,
                    "secondaryJointNameMMHash": 2879905340,
                    "shapeName": "DamageBottom",
                    "primaryJointName": "root",
                    "secondaryJointName": "root"
                }
            ],
            "maskGuids": [
                "21964e78-82d8-4b3a-b8bb-e20f1ffe1e40"
            ],
            "groupName": "DamageBottom"
        },
        {
            "groupGuid": "4d704f09-71ac-4246-82db-e19d410e8ee3",
            "nameMMHash": 1251448412,
            "unknCount": 0,
            "layerIndex": 0,
            "maskBits": 0,
            "layerGuid": "f26ddf73-ea95-4cc4-9f5e-d297b199ed89",
            "groupShapes": [
                {
                    "shapeGuid": "98361d53-ff69-475d-a0b0-0a9af30eca84",
                    "shapeNameMMHash": 1251448412,
                    "unknIndex": 0,
                    "layerIndex": 0,
                    "atteribute": -1,
                    "skipIdBits": 0,
                    "shapeType": "Capsule",
                    "shapeParam": {
                        "start": {
                            "x": 0.0,
                            "y": 0.0,
                            "z": 0.0
                        },
                        "end": {
                            "x": 0.0,
                            "y": 0.0,
                            "z": 0.0
                        },
                        "radius": 0.2700001001358032
                    },
                    "ignoreTagBits": 0,
                    "unkn": 0,
                    "primaryJointNameMMHash": 3946539076,
                    "secondaryJointNameMMHash": 1549972489,
                    "shapeName": "HealDamageTop",
                    "primaryJointName": "Neck_1",
                    "secondaryJointName": "Hip"
                }
            ],
            "maskGuids": [
                "1ed68a2e-1328-4f2d-9989-b5eb55018f4e"
            ],
            "groupName": "HealDamageTop"
        },
        {
            "groupGuid": "f2699217-0105-4243-8bac-59622c8b0e14",
            "nameMMHash": 2735072112,
            "unknCount": 0,
            "layerIndex": 0,
            "maskBits": 0,
            "layerGuid": "f26ddf73-ea95-4cc4-9f5e-d297b199ed89",
            "groupShapes": [
                {
                    "shapeGuid": "10e8defd-8714-43ee-8985-835af39941eb",
                    "shapeNameMMHash": 2735072112,
                    "unknIndex": 0,
                    "layerIndex": 0,
                    "atteribute": -1,
                    "skipIdBits": 0,
                    "shapeType": "Capsule",
                    "shapeParam": {
                        "start": {
                            "x": 0.0,
                            "y": 0.5,
                            "z": 0.0
                        },
                        "end": {
                            "x": 0.0,
                            "y": 0.5,
                            "z": 0.0
                        },
                        "radius": 0.5
                    },
                    "ignoreTagBits": 0,
                    "unkn": 0,
                    "primaryJointNameMMHash": 4175418299,
                    "secondaryJointNameMMHash": 4175418299,
                    "shapeName": "HealDamageBottom",
                    "primaryJointName": "Root",