{
    "groupInfos": [
        {
            "groupGuid": "86f4e675-e676-4af6-bebd-1ccc2a875fbd",
            "nameMMHash": 2878922317,
            "unknCount": 0,
            "layerIndex": 0,
            "maskBits": 0,
            "layerGuid": "f26ddf73-ea95-4cc4-9f5e-d297b199ed89",
            "groupShapes": [
                {
                    "shapeGuid": "cafc5357-375b-4d50-a044-212aa13ba70d",
                    "shapeNameMMHash": 2180083513,
                    "unknIndex": 0,
                    "layerIndex": 0,
                    "atteribute": -1,
                    "skipIdBits": 0,
                    "shapeType": "Capsule",
                    "shapeParam": {
                        "start": {
                            "x": 0.0,
                            "y": -8.364092826843262,
                            "z": -1.0
                        },
                        "end": {
                            "x": -8.187737989828747e-07,
                            "y": -9.477314949035645,
                            "z": -0.8043681979179382
                        },
                        "radius": 1.8372541666030884
                    },
                    "ignoreTagBits": 0,
                    "unkn": 0,
                    "primaryJointNameMMHash": 3718215645,
                    "secondaryJointNameMMHash": 4113498963,
                    "shapeName": "",
                    "primaryJointName": "_j001_CH_00",
                    "secondaryJointName": "_j001_CH_01"
                },
                {
                    "shapeGuid": "bb6dbb4f-2c85-4c98-a25c-2bf1a13025f9",
                    "shapeNameMMHash": 2180083513,
                    "unknIndex": 0,
                    "layerIndex": 0,
                    "atteribute": -1,
                    "skipIdBits": 0,
                    "shapeType": "Capsule",
                    "shapeParam": {
                        "start": {
                            "x": 2.389573637628928e-06,
                            "y": -11.755561828613281,
                            "z": -0.15893962979316711
                        },
                        "end": {
                            "x": 2.9477073439920787e-06,
                            "y": -11.503057479858398,
                            "z": -0.16913500428199768
                        },
                        "radius": 0.9195364117622375
                    },
                    "ignoreTagBits": 0,
                    "unkn": 0,
                    "primaryJointNameMMHash": 4113498963,
                    "secondaryJointNameMMHash": 4125595175,
                    "shapeName": "",
                    "primaryJointName": "_j001_CH_01",
                    "secondaryJointName": "_j001_CH_02"
                },
                {
                    "shapeGuid": "8dc72282-3e2d-4275-b35f-348993584a40",
                    "shapeNameMMHash": 2180083513,
                    "unknIndex": 0,
                    "layerIndex": 0,
                    "atteribute": -1,
                    "skipIdBits": 0,
                    "shapeType": "Capsule",
                    "shapeParam": {
                        "start": {
                            "x": 0.026093199849128723,
                            "y": -4.145233631134033,
                            "z": -0.04671850800514221
                        },
                        "end": {
                            "x": 0.1500045508146286,
                            "y": -8.418914794921875,
                            "z": 0.1469804346561432
                        },
                        "radius": 0.37519994378089905
                    },
                    "ignoreTagBits": 0,
                    "unkn": 0,
                    "primaryJointNameMMHash": 3718215645,
                    "secondaryJointNameMMHash": 4113498963,
                    "shapeName": "",
                    "primaryJointName": "_j001_CH_00",
                    "secondaryJointName": "_j001_CH_01"
                }
            ],
            "maskGuids": [
                "2c7c3a09-6534-4d7b-b527-acd7f92ee08b"
            ],
            "groupName": "Damage"
        }
    ],
    "requestSets": [
        {
            "requestSetID": 0,
            "groupIndex": 0,
            "status": 1,
            "requestSetIndex": 0,
            "keyHash": 3049698517,
            "KeyNameMMHash": 2878922317,
            "name": "ダメージアタリ",
            "keyName": "Damage",
            "nativeShapeColliders": [
                {
                    "via.physics.RequestSetColliderUserData": {
                        "v0_Name": "",
                        "v1_ParentUserData": {
                            "": {}
                        }
                    }
                },
                {
                    "via.physics.RequestSetColliderUserData": {
                        "v0_Name": "",
                        "v1_ParentUserData": {
                            "": {}
                        }
                    }
                },
                {
                    "via.physics.RequestSetColliderUserData": {
                        "v0_Name": "",
                        "v1_ParentUserData": {
                            "": {}
                        }
                    }
                }
            ],
            "userData": {
                "via.physics.RequestSetColliderUserData": {
                    "v0_Name": "",
                    "v1_ParentUserData": {
                        "": {}
                    }
                }
            }
        }
    ],
    "ignoreTags": []
}