{
    "groupInfos": [
        {
            "groupGuid": "622cd05b-0b1d-4a3b-a54e-5fc03a7fcf0e",
            "nameMMHash": 2878922317,
            "unknCount": 0,
            "layerIndex": 0,
            "maskBits": 0,
            "layerGuid": "f26ddf73-ea95-4cc4-9f5e-d297b199ed89",
            "groupShapes": [
                {
                    "shapeGuid": "c36dc6ca-a030-4e23-bed3-23b19df75acb",
                    "shapeNameMMHash": 2180083513,
                    "unknIndex": 0,
                    "layerIndex": 0,
                    "atteribute": -1,
                    "skipIdBits": 0,
                    "shapeType": "Box",
                    "shapeParam": {
                        "Coord": {
                            "m00": 1.0,
                            "m01": 0.0,
                            "m02": 0.0,
                            "m03": 0.0,
                            "m10": 0.0,
                            "m11": 1.0,
                            "m12": 0.0,
                            "m13": 0.0,
                            "m20": 0.0,
                            "m21": 0.0,
                            "m22": 1.0,
                            "m23": 0.0,
                            "m30": 0.0,
                            "m31": 0.3499999940395355,
                            "m32": 0.0,
                            "m33": 1.0
                        },
                        "Extent": {
                            "x": 0.5,
                            "y": 0.3499999940395355,
                            "z": 0.6000000238418579
                        }
                    },
                    "ignoreTagBits": 0,
                    "unkn": 0,
                    "primaryJointNameMMHash": 2180083513,
                    "secondaryJointNameMMHash": 2180083513,
                    "shapeName": "",
                    "primaryJointName": "",
                    "secondaryJointName": ""
                }
            ],
            "maskGuids": [
                "2c7c3a09-6534-4d7b-b527-acd7f92ee08b"
            ],
            "groupName": ""
        },
        {
            "groupGuid": "eed52245-6af7-4c62-a43f-c4c04275d248",
            "nameMMHash": 3016357314,
            "unknCount": 0,
            "layerIndex": 0,
            "maskBits": 0,
            "layerGuid": "ec51fb76-dfb7-4421-9eee-7ba064127cb2",
            "groupShapes": [
                {
                    "shapeGuid": "40711d99-87de-4c85-9451-256882830ebd",
                    "shapeNameMMHash": 2180083513,
                    "unknIndex": 0,
                    "layerIndex": 0,
                    "atteribute": -1,
                    "skipIdBits": 0,
                    "shapeType": "Box",
                    "shapeParam": {
                        "Coord": {
                            "m00": 1.0,
                            "m01": 0.0,
                            "m02": 0.0,
                            "m03": 0.0,
                            "m10": 0.0,
                            "m11": 1.0,
                            "m12": 0.0,
                            "m13": 0.0,
                            "m20": 0.0,
                            "m21": 0.0,
                            "m22": 1.0,
                            "m23": 0.0,
                            "m30": 0.0,
                            "m31": 0.25,
                            "m32": 0.0,
                            "m33": 1.0
                        },
                        "Extent": {
                            "x": 0.4000000059604645,
                            "y": 0.25,
                            "z": 0.5
                        }
                    },
                    "ignoreTagBits": 0,
                    "unkn": 0,
                    "primaryJointNameMMHash": 2180083513,
                    "secondaryJointNameMMHash": 2180083513,
                    "shapeName": "",
                    "primaryJointName": "",
                    "secondaryJointName": ""
                }
            ],
            "maskGuids": [],
            "groupName": ""
        }
    ],
    "requestSets": [
        {
            "requestSetID": 0,
            "groupIndex": 0,
            "userDataIndex": 0,
            "nativeShapeColliderIndex": 1,
            "status": 1,
            "requestSetIndex": 0,
            "keyHash": 3049698517,
            "KeyNameMMHash": 2878922317,
            "name": "",
            "keyName": "",
            "nativeShapeColliders": [
                {
                    "via.physics.RequestSetColliderUserData": {
                        "v0_Name": "",
                        "v1_ParentUserData": {
                            "": {}
                        }
                    }
                }
            ],
            "userData": {
                "via.physics.RequestSetColliderUserData": {
                    "v0_Name": "",
                    "v1_ParentUserData": {
                        "": {}
                    }
                }
            }
        },
        {
            "requestSetID": 1,
            "groupIndex": 1,
            "userDataIndex": 2,
            "nativeShapeColliderIndex": 3,
            "status": 1,
            "requestSetIndex": 1,
            "keyHash": 2053796569,
            "KeyNameMMHash": 3016357314,
            "name": "",
            "keyName": "",
            "nativeShapeColliders": [
                {
                    "via.physics.RequestSetColliderUserData": {
                        "v0_Name": "",
                        "v1_ParentUserData": {
                            "": {}
                        }
                    }
                }
            ],
            "userData": {
                "app.col_user_data.PressParam": {
                    "v0_Name": "",
                    "v1_ParentUserData": {
                        "via.physics.UserData": {}
                    },
                    "_PressLevel": "[1]NO_MOVE"
                }
            }
        }
    ],
    "ignoreTags": []
}