{
    "groupInfos": [
        {
            "groupGuid": "df679b20-b951-03a1-1937-17dd4ed8fc05",
            "nameMMHash": 4254496559,
            "unknCount": 0,
            "layerIndex": 0,
            "maskBits": 0,
            "layerGuid": "f26ddf73-ea95-4cc4-9f5e-d297b199ed89",
            "groupShapes": [
                {
                    "shapeGuid": "d5c9e103-5a2e-4be3-b90b-8255c109a1da",
                    "shapeNameMMHash": 2180083513,
                    "unknIndex": 0,
                    "layerIndex": 0,
                    "atteribute": -1,
                    "skipIdBits": 0,
                    "shapeType": "Sphere",
                    "shapeParam": {
                        "x": 0.0,
                        "y": 0.30000001192092896,
                        "z": 0.30000001192092896,
                        "radius": 2.1000001430511475
                    },
                    "ignoreTagBits": 0,
                    "unkn": 0,
                    "primaryJointNameMMHash": 1549972489,
                    "secondaryJointNameMMHash": 2180083513,
                    "shapeName": "",
                    "primaryJointName": "Hip",
                    "secondaryJointName": ""
                }
            ],
            "maskGuids": [
                "c36e5baf-bc5d-4b50-a27c-0fe96d24bbb6"
            ],
            "groupName": ""
        },
        {
            "groupGuid": "108d14d1-c58a-450f-9c3a-490115033042",
            "nameMMHash": 2125656563,
            "unknCount": 0,
            "layerIndex": 0,
            "maskBits": 0,
            "layerGuid": "f26ddf73-ea95-4cc4-9f5e-d297b199ed89",
            "groupShapes": [
                {
                    "shapeGuid": "15a2ad81-76fb-49a8-9035-6fc7b669b60b",
                    "shapeNameMMHash": 642741696,
                    "unknIndex": 0,
                    "layerIndex": 0,
                    "atteribute": -1,
                    "skipIdBits": 0,
                    "shapeType": "Sphere",
                    "shapeParam": {
                        "x": 0.0,
                        "y": 0.10000001639127731,
                        "z": -0.10000001639127731,
                        "radius": 0.9000000953674316
                    },
                    "ignoreTagBits": 0,
                    "unkn": 0,
                    "primaryJointNameMMHash": 935285574,
                    "secondaryJointNameMMHash": 935285574,
                    "shapeName": "",
                    "primaryJointName": "Head",
                    "secondaryJointName": "Head"
                }
            ],
            "maskGuids": [
                "de74ded7-3a39-4e95-a725-af017affbd19"
            ],
            "groupName": ""
        },
        {
            "groupGuid": "c887580c-a255-4741-a28e-2d98963900a7",
            "nameMMHash": 4159380683,
            "unknCount": 0,
            "layerIndex": 0,
            "maskBits": 0,
            "layerGuid": "f26ddf73-ea95-4cc4-9f5e-d297b199ed89",
            "groupShapes": [
                {
                    "shapeGuid": "3274f565-d293-427d-9d8a-d1507947d495",
                    "shapeNameMMHash": 3417342870,
                    "unknIndex": 0,
                    "layerIndex": 0,
                    "atteribute": -1,
                    "skipIdBits": 0,
                    "shapeType": "Capsule",
                    "shapeParam": {
                        "start": {
                            "x": 0.0,
                            "y": 0.0,
                            "z": 0.0
                        },
                        "end": {
                            "x": 0.0,
                            "y": 0.0,
                            "z": 0.0
                        },
                        "radius": 0.7000000476837158
                    },
                    "ignoreTagBits": 0,
                    "unkn": 0,
                    "primaryJointNameMMHash": 1601026730,
                    "secondaryJointNameMMHash": 2890959283,
                    "shapeName": "",
                    "primaryJointName": "Neck0",
                    "secondaryJointName": "Tail0"
                }
            ],
            "maskGuids": [
                "de74ded7-3a39-4e95-a725-af017affbd19"
            ],
            "groupName": ""
        },
        {
            "groupGuid": "cf227678-01cd-43ec-b1f2-0bda889452f4",
            "nameMMHash": 2379157694,
            "unknCount": 0,
            "layerIndex": 0,
            "maskBits": 0,
            "layerGuid": "a24714ee-a659-4161-a0ab-45d02d7bc76f",
            "groupShapes": [
                {
                    "shapeGuid": "93f9ae9f-f889-4e82-83a3-e07e7bbb8cd4",
                    "shapeNameMMHash": 2180083513,
                    "unknIndex": 0,
                    "layerIndex": 0,
                    "atteribute": -1,
                    "skipIdBits": 0,
                    "shapeType": "Capsule",
                    "shapeParam": {
                        "start": {
                            "x": 0.0,
                            "y": -0.10000000149011612,
                            "z": 0.10000000149011612
                        },
                        "end": {
                            "x": 0.0,
                            "y": -0.10000001639127731,
                            "z": -0.10000000149011612
                        },
                        "radius": 0.7000000476837158
                    },
                    "ignoreTagBits": 0,
                    "unkn": 0,
                    "primaryJointNameMMHash": 3471977595,
                    "secondaryJointNameMMHash": 1549972489,
                    "shapeName": "",
                    "primaryJointName": "Chest",
                    "secondaryJointName": "Hip"
                }
            ],
            "maskGuids": [],
            "groupName": ""
        },
        {
            "groupGuid": "fd14a02a-21ca-4d20-80d7-9964c0fd6dc2",
            "nameMMHash": 340244644,
            "unknCount": 0,
            "layerIndex": 0,
            "maskBits": 0,
            "layerGuid": "9e8f7679-6a4a-42ef-9274-e760dd328405",
            "groupShapes": [
                {
                    "shapeGuid": "fab62a65-1b47-4525-88dd-2b62de129fd7",
                    "shapeNameMMHash": 642741696,
                    "unknIndex": 0,
                    "layerIndex": 0,
                    "atteribute": -1,
                    "skipIdBits": 0,
                    "shapeType": "Sphere",
                    "shapeParam": {
                        "x": 0.0,
                        "y": 0.10000000149011612,
                        "z": -0.10000001639127731,
                        "radius": 0.7000000476837158
                    },
                    "ignoreTagBits": 0,
                    "unkn": 0,
                    "primaryJointNameMMHash": 935285574,
                    "secondaryJointNameMMHash": 935285574,
                    "shapeName": "",
                    "primaryJointName": "Head",
                    "secondaryJointName": "Head"
                },
                {
                    "shapeGuid": "d6c498c1-801e-4bbe-8c7b-0cb5ce74f6d9",
                    "shapeNameMMHash": 3417342870,
                    "unknIndex": 0,
                    "layerIndex": 0,
                    "atteribute": -1,
                    "skipIdBits": 0,
                    "shapeType": "Capsule",
                    "shapeParam": {
                        "start": {
                            "x": 0.0,
                            "y": 0.0,
                            "z": 0.0
                        },
                        "end": {
                            "x": 0.0,
                            "y": 0.0,
                            "z": 0.0
                        },
                        "radius": 0.5
                    },
                    "ignoreTagBits": 0,
                    "unkn": 0,