{
    "groupInfos": [
        {
            "groupGuid": "0b688bdb-a02a-4f3f-8ed2-c6b2a761d965",
            "nameMMHash": 2878922317,
            "unknCount": 0,
            "layerIndex": 0,
            "maskBits": 0,
            "layerGuid": "f26ddf73-ea95-4cc4-9f5e-d297b199ed89",
            "groupShapes": [
                {
                    "shapeGuid": "e8245dad-1bee-4fa7-b311-12e357c90dcb",
                    "shapeNameMMHash": 2180083513,
                    "unknIndex": 0,
                    "layerIndex": 0,
                    "atteribute": -1,
                    "skipIdBits": 0,
                    "shapeType": "Box",
                    "shapeParam": {
                        "Coord": {
                            "m00": 1.0,
                            "m01": 0.0,
                            "m02": 0.0,
                            "m03": 0.0,
                            "m10": 0.0,
                            "m11": 1.0,
                            "m12": 0.0,
                            "m13": 0.0,
                            "m20": 0.0,
                            "m21": 0.0,
                            "m22": 1.0,
                            "m23": 0.0,
                            "m30": 0.03999999910593033,
                            "m31": 0.3499999940395355,
                            "m32": 0.0,
                            "m33": 1.0
                        },
                        "Extent": {
                            "x": 0.5,
                            "y": 0.44999998807907104,
                            "z": 0.6000000238418579
                        }
                    },
                    "ignoreTagBits": 0,
                    "unkn": 0,
                    "primaryJointNameMMHash": 2180083513,
                    "secondaryJointNameMMHash": 2180083513,
                    "shapeName": "",
                    "primaryJointName": "",
                    "secondaryJointName": ""
                }
            ],
            "maskGuids": [
                "2c7c3a09-6534-4d7b-b527-acd7f92ee08b"
            ],
            "groupName": ""
        },
        {
            "groupGuid": "8554217d-0ce0-48e4-8373-0b6a1a3bbb94",
            "nameMMHash": 3016357314,
            "unknCount": 0,
            "layerIndex": 0,
            "maskBits": 0,
            "layerGuid": "ec51fb76-dfb7-4421-9eee-7ba064127cb2",
            "groupShapes": [
                {
                    "shapeGuid": "5d250c9f-acab-46fa-b926-b23f35f498b2",
                    "shapeNameMMHash": 2180083513,
                    "unknIndex": 0,
                    "layerIndex": 0,
                    "atteribute": -1,
                    "skipIdBits": 0,
                    "shapeType": "Box",
                    "shapeParam": {
                        "Coord": {
                            "m00": 1.0,
                            "m01": 0.0,
                            "m02": 0.0,
                            "m03": 0.0,
                            "m10": 0.0,
                            "m11": 1.0,
                            "m12": 0.0,
                            "m13": 0.0,
                            "m20": 0.0,
                            "m21": 0.0,
                            "m22": 1.0,
                            "m23": 0.0,
                            "m30": 0.03999999910593033,
                            "m31": 0.3499999940395355,
                            "m32": 0.0,
                            "m33": 1.0
                        },
                        "Extent": {
                            "x": 0.4000000059604645,
                            "y": 0.3499999940395355,
                            "z": 0.5
                        }
                    },
                    "ignoreTagBits": 0,
                    "unkn": 0,
                    "primaryJointNameMMHash": 2180083513,
                    "secondaryJointNameMMHash": 2180083513,
                    "shapeName": "",
                    "primaryJointName": "",
                    "secondaryJointName": ""
                }
            ],
            "maskGuids": [],
            "groupName": ""
        }
    ],
    "requestSets": [
        {
            "requestSetID": 1,
            "groupIndex": 1,
            "status": 1,
            "requestSetIndex": 0,
            "keyHash": 2053796569,
            "KeyNameMMHash": 3016357314,
            "name": "",
            "keyName": "",
            "nativeShapeColliders": [
                {
                    "via.physics.RequestSetColliderUserData": {
                        "v0_Name": "",
                        "v1_ParentUserData": {
                            "": {}
                        }
                    }
                }
            ],
            "userData": {
                "app.col_user_data.PressParam": {
                    "v0_Name": "",
                    "v1_ParentUserData": {
                        "": {}
                    },
                    "_PressLevel": "[1]NO_MOVE"
                }
            }
        }
    ],
    "ignoreTags": []
}