{
    "groupInfos": [
        {
            "groupGuid": "b97fa20c-abd1-4f2f-bf54-581ff127011e",
            "nameMMHash": 2878922317,
            "unknCount": 0,
            "layerIndex": 0,
            "maskBits": 0,
            "layerGuid": "f26ddf73-ea95-4cc4-9f5e-d297b199ed89",
            "groupShapes": [
                {
                    "shapeGuid": "e0c80e8d-e2c0-45cc-9a62-be5c6f68db83",
                    "shapeNameMMHash": 1518458055,
                    "unknIndex": 0,
                    "layerIndex": 0,
                    "atteribute": -1,
                    "skipIdBits": 0,
                    "shapeType": "Box",
                    "shapeParam": {
                        "Coord": {
                            "m00": 1.0,
                            "m01": 0.0,
                            "m02": 0.0,
                            "m03": 0.0,
                            "m10": 0.0,
                            "m11": 1.0,
                            "m12": 0.0,
                            "m13": 0.0,
                            "m20": 0.0,
                            "m21": 0.0,
                            "m22": 1.0,
                            "m23": 0.0,
                            "m30": 0.0,
                            "m31": -1.2004284858703613,
                            "m32": -0.20211076736450195,
                            "m33": 1.0
                        },
                        "Extent": {
                            "x": 10.0,
                            "y": 2.8307747840881348,
                            "z": 8.733078002929688
                        }
                    },
                    "ignoreTagBits": 0,
                    "unkn": 0,
                    "primaryJointNameMMHash": 2180083513,
                    "secondaryJointNameMMHash": 2180083513,
                    "shapeName": "Sphere",
                    "primaryJointName": "",
                    "secondaryJointName": ""
                }
            ],
            "maskGuids": [
                "2c7c3a09-6534-4d7b-b527-acd7f92ee08b"
            ],
            "groupName": "Damage"
        }
    ],
    "requestSets": [
        {
            "requestSetID": 0,
            "groupIndex": 0,
            "status": 1,
            "requestSetIndex": 0,
            "keyHash": 3049698517,
            "KeyNameMMHash": 2878922317,
            "name": "ダメージアタリ",
            "keyName": "Damage",
            "nativeShapeColliders": [
                {
                    "via.physics.RequestSetColliderUserData": {
                        "v0_Name": "",
                        "v1_ParentUserData": {
                            "": {}
                        }
                    }
                }
            ],
            "userData": {
                "app.col_user_data.DamageParamGm": {
                    "v0_Name": "DamageParamGm",
                    "v1_ParentUserData": {
                        "": {}
                    },
                    "_PriorityFixed": {
                        "app.CollisionDef.PRIORITY_Serializable": {
                            "_Value": "[7]PRIO_8"
                        }
                    },
                    "_Type": "[0]NONE"
                }
            }
        }
    ],
    "ignoreTags": []
}