{
    "groupInfos": [
        {
            "groupGuid": "fcbf9ca5-085e-481a-9a63-d8d8b06d4b8c",
            "nameMMHash": 1121093260,
            "unknCount": 0,
            "layerIndex": 0,
            "maskBits": 0,
            "layerGuid": "123410c1-64cd-43db-8eb2-805eae619318",
            "groupShapes": [
                {
                    "shapeGuid": "49d3d8ad-83d0-4b79-baae-4bc03c85fd7c",
                    "shapeNameMMHash": 2180083513,
                    "unknIndex": 0,
                    "layerIndex": 0,
                    "atteribute": -1,
                    "skipIdBits": 0,
                    "shapeType": "Sphere",
                    "shapeParam": {
                        "x": -0.8939745426177979,
                        "y": 1.3468828201293945,
                        "z": -1.1838829517364502,
                        "radius": 7.5
                    },
                    "ignoreTagBits": 0,
                    "unkn": 0,
                    "primaryJointNameMMHash": 2180083513,
                    "secondaryJointNameMMHash": 2180083513,
                    "shapeName": "",
                    "primaryJointName": "",
                    "secondaryJointName": ""
                }
            ],
            "maskGuids": [
                "8626915e-aee1-42d0-a562-7bd612b97bdd",
                "5d637fff-4c9b-4bfd-aa9b-96c8bca7c6fb"
            ],
            "groupName": ""
        },
        {
            "groupGuid": "20e68b1b-3b79-41f9-baef-8200be0f33b0",
            "nameMMHash": 4221993276,
            "unknCount": 0,
            "layerIndex": 0,
            "maskBits": 0,
            "layerGuid": "123410c1-64cd-43db-8eb2-805eae619318",
            "groupShapes": [
                {
                    "shapeGuid": "36260bb6-827c-4f97-8ca6-48a6c65a6b40",
                    "shapeNameMMHash": 2180083513,
                    "unknIndex": 0,
                    "layerIndex": 0,
                    "atteribute": -1,
                    "skipIdBits": 0,
                    "shapeType": "Box",
                    "shapeParam": {
                        "Coord": {
                            "m00": 0.20274512469768524,
                            "m01": 0.0,
                            "m02": -0.9792315363883972,
                            "m03": 0.0,
                            "m10": 0.0,
                            "m11": 1.0,
                            "m12": 0.0,
                            "m13": 0.0,
                            "m20": 0.9792315363883972,
                            "m21": 0.0,
                            "m22": 0.20274512469768524,
                            "m23": 0.0,
                            "m30": -0.920586109161377,
                            "m31": 3.126193046569824,
                            "m32": -1.2376718521118164,
                            "m33": 1.0
                        },
                        "Extent": {
                            "x": 11.31209945678711,
                            "y": 4.490778923034668,
                            "z": 9.28735065460205
                        }
                    },
                    "ignoreTagBits": 0,
                    "unkn": 0,
                    "primaryJointNameMMHash": 2180083513,
                    "secondaryJointNameMMHash": 2180083513,
                    "shapeName": "",
                    "primaryJointName": "",
                    "secondaryJointName": ""
                }
            ],
            "maskGuids": [
                "5d637fff-4c9b-4bfd-aa9b-96c8bca7c6fb"
            ],
            "groupName": ""
        },
        {
            "groupGuid": "66834dc1-8bf5-47af-9ab1-e13188af3218",
            "nameMMHash": 2684304281,
            "unknCount": 0,
            "layerIndex": 0,
            "maskBits": 0,
            "layerGuid": "123410c1-64cd-43db-8eb2-805eae619318",
            "groupShapes": [
                {
                    "shapeGuid": "3b61e7a4-2b95-45ca-902e-3bac948e691c",
                    "shapeNameMMHash": 2180083513,
                    "unknIndex": 0,
                    "layerIndex": 0,
                    "atteribute": -1,
                    "skipIdBits": 0,
                    "shapeType": "Sphere",
                    "shapeParam": {
                        "x": 0.0,
                        "y": 0.0,
                        "z": 0.0,
                        "radius": 20.0
                    },
                    "ignoreTagBits": 0,
                    "unkn": 0,
                    "primaryJointNameMMHash": 2180083513,
                    "secondaryJointNameMMHash": 2180083513,
                    "shapeName": "",
                    "primaryJointName": "",
                    "secondaryJointName": ""
                }
            ],
            "maskGuids": [
                "5d637fff-4c9b-4bfd-aa9b-96c8bca7c6fb"
            ],
            "groupName": ""
        }
    ],
    "requestSets": [
        {
            "requestSetID": 0,
            "groupIndex": 0,
            "status": 0,
            "requestSetIndex": 0,
            "keyHash": 1128335485,
            "KeyNameMMHash": 1121093260,
            "name": "",
            "keyName": "",
            "nativeShapeColliders": [
                {
                    "via.physics.RequestSetColliderUserData": {
                        "v0_Name": "",
                        "v1_ParentUserData": {
                            "": {}
                        }
                    }
                }
            ],
            "userData": {
                "app.col_user_data.SensorParamGm": {
                    "v0_Name": "",
                    "v1_ParentUserData": {
                        "": {}
                    },
                    "_Type": "[1]TYPE_01",
                    "_LookAtType": "[0]NONE",
                    "_LookAtOffset": {
                        "x": 0.0,
                        "y": 0.0,
                        "z": 0.0,
                        "pad": 0.0
                    },
                    "_LookAtSecond": 0.5,
                    "_IsCharacterAvoid": false,
                    "_IsDisableBomb": false,
                    "_IsDisableTrap": false,
                    "_IsDisableTrapMeat": false,
                    "_IsDisableBonfire": false
                }
            }
        },
        {
            "requestSetID": 1,
            "groupIndex": 2,
            "status": 0,
            "requestSetIndex": 1,
            "keyHash": 2666821141,
            "KeyNameMMHash": 2684304281,
            "name": "",
            "keyName": "",
            "nativeShapeColliders": [
                {
                    "via.physics.RequestSetColliderUserData": {
                        "v0_Name": "",
                        "v1_ParentUserData": {
                            "": {}
                        }
                    }
                }
            ],
            "userData": {
                "app.col_user_data.SensorParamGm": {
                    "v0_Name": "",
                    "v1_ParentUserData": {
                        "": {}
                    },
                    "_Type": "[2]TYPE_02",
                    "_LookAtType": "[2]BROKEN",
                    "_LookAtOffset": {
                        "x": 0.0,
                        "y": 0.0,
                        "z": 0.0,
                        "pad": 0.0
                    },
                    "_LookAtSecond": 1.0,
                    "_IsCharacterAvoid": false,
                    "_IsDisableBomb": false,
                    "_IsDisableTrap": false,
                    "_IsDisableTrapMeat": false,
                    "_IsDisableBonfire": false
                }
            }
        },
        {
            "requestSetID": 2,
            "groupIndex": 1,
            "status": 0,
            "requestSetIndex": 2,
            "keyHash": 3606123168,
            "KeyNameMMHash": 4221993276,
            "name": "",