{
    "groupInfos": [
        {
            "groupGuid": "b082cacf-7b29-48ed-9786-9b58861fb689",
            "nameMMHash": 2910652208,
            "unknCount": 0,
            "layerIndex": 0,
            "maskBits": 0,
            "layerGuid": "f26ddf73-ea95-4cc4-9f5e-d297b199ed89",
            "groupShapes": [
                {
                    "shapeGuid": "dfb99a5d-26f4-47c3-bb73-50c99c7b10ad",
                    "shapeNameMMHash": 2180083513,
                    "unknIndex": 0,
                    "layerIndex": 0,
                    "atteribute": -1,
                    "skipIdBits": 0,
                    "shapeType": "Box",
                    "shapeParam": {
                        "Coord": {
                            "m00": 1.0,
                            "m01": 0.0,
                            "m02": -0.0,
                            "m03": 0.0,
                            "m10": -0.0,
                            "m11": 1.0,
                            "m12": 0.0,
                            "m13": 0.0,
                            "m20": 0.0,
                            "m21": 0.0,
                            "m22": 1.0,
                            "m23": 0.0,
                            "m30": 0.0,
                            "m31": 0.0,
                            "m32": 0.0,
                            "m33": 1.0
                        },
                        "Extent": {
                            "x": 0.10000000149011612,
                            "y": 0.07999999821186066,
                            "z": 0.20000000298023224
                        }
                    },
                    "ignoreTagBits": 0,
                    "unkn": 0,
                    "primaryJointNameMMHash": 2180083513,
                    "secondaryJointNameMMHash": 2180083513,
                    "shapeName": "",
                    "primaryJointName": "",
                    "secondaryJointName": ""
                }
            ],
            "maskGuids": [
                "3b9ee1bb-4ca8-46ce-8510-98a828f86098"
            ],
            "groupName": ""
        }
    ],
    "requestSets": [
        {
            "requestSetID": 0,
            "groupIndex": 0,
            "status": 1,
            "requestSetIndex": 0,
            "keyHash": 2910652208,
            "KeyNameMMHash": 2878922317,
            "name": "",
            "keyName": "Damage",
            "nativeShapeColliders": [
                {
                    "via.physics.RequestSetColliderUserData": {
                        "v0_Name": "",
                        "v1_ParentUserData": {
                            "": {}
                        }
                    }
                }
            ],
            "userData": {
                "app.col_user_data.DamageParamEm": {
                    "v0_Name": "",
                    "v1_ParentUserData": {
                        "": {}
                    },
                    "_PriorityFixed": {
                        "app.CollisionDef.PRIORITY_Serializable": {
                            "_Value": "[7]PRIO_8"
                        }
                    },
                    "_IsSensorCollision": false,
                    "_IsArrowFlipCollision": false,
                    "_Parts": {
                        "app.col_user_data.DamageParamEm.cParts": {
                            "_Category": "[0]PARTS",
                            "_PartsDataGuid": "00000000-0000-0000-0000-000000000000"
                        }
                    }
                }
            }
        }
    ],
    "ignoreTags": []
}