{
    "groupInfos": [
        {
            "groupGuid": "93b1b2fe-de69-4488-8936-c1422ad7b21e",
            "nameMMHash": 1017883330,
            "unknCount": 0,
            "layerIndex": 0,
            "maskBits": 0,
            "layerGuid": "123410c1-64cd-43db-8eb2-805eae619318",
            "groupShapes": [
                {
                    "shapeGuid": "dc79cc6c-e913-4d76-a879-7899b53905fb",
                    "shapeNameMMHash": 2180083513,
                    "unknIndex": 0,
                    "layerIndex": 0,
                    "atteribute": -1,
                    "skipIdBits": 0,
                    "shapeType": "Sphere",
                    "shapeParam": {
                        "x": 0.12999999523162842,
                        "y": 0.0,
                        "z": -0.23999999463558197,
                        "radius": 2.2200000286102295
                    },
                    "ignoreTagBits": 0,
                    "unkn": 0,
                    "primaryJointNameMMHash": 2180083513,
                    "secondaryJointNameMMHash": 2180083513,
                    "shapeName": "",
                    "primaryJointName": "",
                    "secondaryJointName": ""
                }
            ],
            "maskGuids": [
                "5d637fff-4c9b-4bfd-aa9b-96c8bca7c6fb"
            ],
            "groupName": "SensorDamage"
        },
        {
            "groupGuid": "b16babd9-9fa1-40dd-b5ce-49dbdf74fdbb",
            "nameMMHash": 2831068201,
            "unknCount": 0,
            "layerIndex": 0,
            "maskBits": 0,
            "layerGuid": "123410c1-64cd-43db-8eb2-805eae619318",
            "groupShapes": [
                {
                    "shapeGuid": "7fd0a6d6-38e5-4c19-a5b1-227d567954b5",
                    "shapeNameMMHash": 2180083513,
                    "unknIndex": 0,
                    "layerIndex": 0,
                    "atteribute": -1,
                    "skipIdBits": 0,
                    "shapeType": "Sphere",
                    "shapeParam": {
                        "x": 0.12999999523162842,
                        "y": 0.0,
                        "z": -0.23999999463558197,
                        "radius": 2.2200000286102295
                    },
                    "ignoreTagBits": 0,
                    "unkn": 0,
                    "primaryJointNameMMHash": 2180083513,
                    "secondaryJointNameMMHash": 2180083513,
                    "shapeName": "",
                    "primaryJointName": "",
                    "secondaryJointName": ""
                }
            ],
            "maskGuids": [
                "5d637fff-4c9b-4bfd-aa9b-96c8bca7c6fb"
            ],
            "groupName": "SensorAvoid"
        },
        {
            "groupGuid": "882fabd7-1c86-4053-9e48-ecee4082d001",
            "nameMMHash": 1650103387,
            "unknCount": 0,
            "layerIndex": 0,
            "maskBits": 0,
            "layerGuid": "123410c1-64cd-43db-8eb2-805eae619318",
            "groupShapes": [
                {
                    "shapeGuid": "222a4596-8b07-4f29-90e8-38bda68784e8",
                    "shapeNameMMHash": 2180083513,
                    "unknIndex": 0,
                    "layerIndex": 0,
                    "atteribute": -1,
                    "skipIdBits": 0,
                    "shapeType": "Sphere",
                    "shapeParam": {
                        "x": 0.0,
                        "y": 0.0,
                        "z": 0.0,
                        "radius": 8.0
                    },
                    "ignoreTagBits": 0,
                    "unkn": 0,
                    "primaryJointNameMMHash": 2180083513,
                    "secondaryJointNameMMHash": 2180083513,
                    "shapeName": "",
                    "primaryJointName": "",
                    "secondaryJointName": ""
                }
            ],
            "maskGuids": [
                "5d637fff-4c9b-4bfd-aa9b-96c8bca7c6fb"
            ],
            "groupName": "SensorLook"
        }
    ],
    "requestSets": [
        {
            "requestSetID": 0,
            "groupIndex": 0,
            "status": 0,
            "requestSetIndex": 0,
            "keyHash": 1971841507,
            "KeyNameMMHash": 1017883330,
            "name": "PLダメージ用センサ",
            "keyName": "SensorDamage",
            "nativeShapeColliders": [
                {
                    "via.physics.RequestSetColliderUserData": {
                        "v0_Name": "",
                        "v1_ParentUserData": {
                            "": {}
                        }
                    }
                }
            ],
            "userData": {
                "app.col_user_data.SensorParamPlSlipDamage": {
                    "v0_Name": "SensorParamPlSlipDamage",
                    "v1_ParentUserData": {
                        "": {}
                    },
                    "_Type": "[3]GM_FIRE",
                    "_DamageValue": 5.0,
                    "_DamageInterval": 1.0,
                    "_ElementDamageValue": 0.0,
                    "_ConditionValue": 0.0,
                    "_DamageExRate": 1.0,
                    "_ElementDamageExRate": 1.0
                }
            }
        },
        {
            "requestSetID": 1,
            "groupIndex": 1,
            "status": 0,
            "requestSetIndex": 1,
            "keyHash": 1042703266,
            "KeyNameMMHash": 2831068201,
            "name": "オトモリアクションセンサ",
            "keyName": "SensorAvoid",
            "nativeShapeColliders": [
                {
                    "via.physics.RequestSetColliderUserData": {
                        "v0_Name": "",
                        "v1_ParentUserData": {
                            "": {}
                        }
                    }
                }
            ],
            "userData": {
                "app.col_user_data.SensorParamGm": {
                    "v0_Name": "OtomoReactionParam",
                    "v1_ParentUserData": {
                        "": {}
                    },
                    "_Type": "[0]NONE",
                    "_LookAtType": "[0]NONE",
                    "_LookAtOffset": {
                        "x": 0.0,
                        "y": 0.0,
                        "z": 0.0,
                        "pad": 0.0
                    },
                    "_LookAtSecond": 0.5,
                    "_IsCharacterAvoid": false,
                    "_IsDisableBomb": false,
                    "_IsDisableTrap": false,
                    "_IsDisableTrapMeat": false,
                    "_IsDisableBonfire": false
                }
            }
        },
        {
            "requestSetID": 2,
            "groupIndex": 2,
            "status": 0,
            "requestSetIndex": 2,
            "keyHash": 3826710611,
            "KeyNameMMHash": 1650103387,
            "name": "PL注視センサー",
            "keyName": "SensorLook",
            "nativeShapeColliders": [
                {
                    "via.physics.RequestSetColliderUserData": {
                        "v0_Name": "",
                        "v1_ParentUserData": {
                            "": {}
                        }
                    }
                }
            ],
            "userData": {
                "app.col_user_data.SensorParamGm": {
                    "v0_Name": "LookParam",
                    "v1_ParentUserData": {
                        "": {}
                    },
                    "_Type": "[1]TYPE_01",
                    "_LookAtType": "[5]CONSTANT",
                    "_LookAtOffset": {
                        "x": 0.0,
                        "y": 0.0,
                        "z": 0.0,
                        "pad": 0.0
                    },
                    "_LookAtSecond": 0.5,
                    "_IsCharacterAvoid": false,
                    "_IsDisableBomb": false,