{
    "groupInfos": [
        {
            "groupGuid": "a85cd2d0-9b83-4ada-aa7f-b4d1cdd6f92c",
            "nameMMHash": 2878922317,
            "unknCount": 0,
            "layerIndex": 0,
            "maskBits": 0,
            "layerGuid": "f26ddf73-ea95-4cc4-9f5e-d297b199ed89",
            "groupShapes": [
                {
                    "shapeGuid": "d4b65064-d012-4859-80af-1dfe2b0dc192",
                    "shapeNameMMHash": 2180083513,
                    "unknIndex": 0,
                    "layerIndex": 0,
                    "atteribute": -1,
                    "skipIdBits": 0,
                    "shapeType": "Box",
                    "shapeParam": {
                        "Coord": {
                            "m00": 1.0,
                            "m01": 0.0,
                            "m02": 0.0,
                            "m03": 0.0,
                            "m10": 0.0,
                            "m11": 0.7993615865707397,
                            "m12": 0.6008502840995789,
                            "m13": 0.0,
                            "m20": 0.0,
                            "m21": -0.6008502840995789,
                            "m22": 0.7993615865707397,
                            "m23": 0.0,
                            "m30": 0.0004712938971351832,
                            "m31": 0.41342848539352417,
                            "m32": -2.024167060852051,
                            "m33": 1.0
                        },
                        "Extent": {
                            "x": 0.8807802200317383,
                            "y": 1.2221839427947998,
                            "z": 2.4602339267730713
                        }
                    },
                    "ignoreTagBits": 0,
                    "unkn": 0,
                    "primaryJointNameMMHash": 2180083513,
                    "secondaryJointNameMMHash": 2180083513,
                    "shapeName": "",
                    "primaryJointName": "",
                    "secondaryJointName": ""
                }
            ],
            "maskGuids": [
                "2c7c3a09-6534-4d7b-b527-acd7f92ee08b"
            ],
            "groupName": ""
        }
    ],
    "requestSets": [
        {
            "requestSetID": 0,
            "groupIndex": 0,
            "status": 1,
            "requestSetIndex": 0,
            "keyHash": 3049698517,
            "KeyNameMMHash": 2878922317,
            "name": "",
            "keyName": "",
            "nativeShapeColliders": [
                {
                    "via.physics.RequestSetColliderUserData": {
                        "v0_Name": "",
                        "v1_ParentUserData": {
                            "": {}
                        }
                    }
                }
            ],
            "userData": {
                "app.col_user_data.DamageParamGm": {
                    "v0_Name": "",
                    "v1_ParentUserData": {
                        "": {}
                    },
                    "_PriorityFixed": {
                        "app.CollisionDef.PRIORITY_Serializable": {
                            "_Value": "[7]PRIO_8"
                        }
                    },
                    "_Type": "[0]NONE"
                }
            }
        }
    ],
    "ignoreTags": []
}